name	forward	reverse
P01_A05	GTAGCTCC	CTCTCTAT
P01_A03	GTCTTAGG	CTCTCTAT
P01_A10	CAGCCTCG	CTCTCTAT
P01_B06	ACTGATCG	CGTCTAAT
P01_A06	ACTGATCG	CTCTCTAT
P01_A02	TAGCGAGT	CTCTCTAT
P01_A11	AGGCTCCG	CTCTCTAT
P01_A01	AGGAGTCC	CTCTCTAT
P01_B04	CATGCCTA	CGTCTAAT
P01_C05	GTAGCTCC	GCGTAAGA
P01_A07	GTAGAGAG	CTCTCTAT
P01_B01	AGGAGTCC	CGTCTAAT
P01_B03	GTCTTAGG	CGTCTAAT
P01_A12	GACGTCGA	CTCTCTAT
P01_B11	AGGCTCCG	CGTCTAAT
P01_A09	TAGCTGCA	CTCTCTAT
P01_B05	GTAGCTCC	CGTCTAAT
P01_B10	CAGCCTCG	CGTCTAAT
P01_B09	TAGCTGCA	CGTCTAAT
P01_C04	CATGCCTA	GCGTAAGA
P01_A04	CATGCCTA	CTCTCTAT
P01_B02	TAGCGAGT	CGTCTAAT
P01_B07	GTAGAGAG	CGTCTAAT
P01_C06	ACTGATCG	GCGTAAGA
P01_A08	TACTACGC	CTCTCTAT
P01_B08	TACTACGC	CGTCTAAT
P01_B12	GACGTCGA	CGTCTAAT
P01_C02	TAGCGAGT	GCGTAAGA
P01_C01	AGGAGTCC	GCGTAAGA
P01_C07	GTAGAGAG	GCGTAAGA
P01_C03	GTCTTAGG	GCGTAAGA
P01_C09	TAGCTGCA	GCGTAAGA
P01_C08	TACTACGC	GCGTAAGA
P01_C10	CAGCCTCG	GCGTAAGA
P01_D04	CATGCCTA	TATCCTCT
P01_D09	TAGCTGCA	TATCCTCT
P01_D08	TACTACGC	TATCCTCT
P01_D03	GTCTTAGG	TATCCTCT
P01_D02	TAGCGAGT	TATCCTCT
P01_D11	AGGCTCCG	TATCCTCT
P01_D12	GACGTCGA	TATCCTCT
P01_D05	GTAGCTCC	TATCCTCT
P01_C12	GACGTCGA	GCGTAAGA
P01_D01	AGGAGTCC	TATCCTCT
P01_C11	AGGCTCCG	GCGTAAGA
P01_D10	CAGCCTCG	TATCCTCT
P01_E03	GTCTTAGG	TCTCTCCG
P01_E04	CATGCCTA	TCTCTCCG
P01_D06	ACTGATCG	TATCCTCT
P01_E01	AGGAGTCC	TCTCTCCG
P01_D07	GTAGAGAG	TATCCTCT
P01_E02	TAGCGAGT	TCTCTCCG
P01_E06	ACTGATCG	TCTCTCCG
P01_E05	GTAGCTCC	TCTCTCCG
P01_E09	TAGCTGCA	TCTCTCCG
P01_E11	AGGCTCCG	TCTCTCCG
P01_E08	TACTACGC	TCTCTCCG
P01_E10	CAGCCTCG	TCTCTCCG
P01_F01	AGGAGTCC	CTATTAAG
P01_F06	ACTGATCG	CTATTAAG
P01_F07	GTAGAGAG	CTATTAAG
P01_E07	GTAGAGAG	TCTCTCCG
P01_E12	GACGTCGA	TCTCTCCG
P01_F05	GTAGCTCC	CTATTAAG
P01_F04	CATGCCTA	CTATTAAG
P01_F09	TAGCTGCA	CTATTAAG
P01_F11	AGGCTCCG	CTATTAAG
P01_G03	GTCTTAGG	GTAAGGAG
P01_F10	CAGCCTCG	CTATTAAG
P01_G02	TAGCGAGT	GTAAGGAG
P01_G09	TAGCTGCA	GTAAGGAG
P01_F03	GTCTTAGG	CTATTAAG
P01_F02	TAGCGAGT	CTATTAAG
P01_F08	TACTACGC	CTATTAAG
P01_F12	GACGTCGA	CTATTAAG
P01_G07	GTAGAGAG	GTAAGGAG
P01_G04	CATGCCTA	GTAAGGAG
P01_G05	GTAGCTCC	GTAAGGAG
P01_G01	AGGAGTCC	GTAAGGAG
P01_G08	TACTACGC	GTAAGGAG
P01_G06	ACTGATCG	GTAAGGAG
P01_G10	CAGCCTCG	GTAAGGAG
P01_G11	AGGCTCCG	GTAAGGAG
P01_H06	ACTGATCG	TCGACTAG
P01_H09	TAGCTGCA	TCGACTAG
P01_H04	CATGCCTA	TCGACTAG
P01_H02	TAGCGAGT	TCGACTAG
P01_H10	CAGCCTCG	TCGACTAG
P01_H07	GTAGAGAG	TCGACTAG
P01_H12	GACGTCGA	TCGACTAG
P01_H08	TACTACGC	TCGACTAG
P02_A03	GTCTTAGG	CTCTCTAT
P01_H03	GTCTTAGG	TCGACTAG
P02_A01	AGGAGTCC	CTCTCTAT
P05_B07	GTAGAGAG	CGTCTAAT
P01_H01	AGGAGTCC	TCGACTAG
P01_G12	GACGTCGA	GTAAGGAG
P01_H11	AGGCTCCG	TCGACTAG
P01_H05	GTAGCTCC	TCGACTAG
P13_A03	GTCTTAGG	CTCTCTAT
P02_A05	GTAGCTCC	CTCTCTAT
P12_H10	CAGCCTCG	TCGACTAG
P13_A02	TAGCGAGT	CTCTCTAT
P17_B04	CATGCCTA	CGTCTAAT
P14_A03	GTCTTAGG	CTCTCTAT
P16_A10	CAGCCTCG	CTCTCTAT
P16_B02	TAGCGAGT	CGTCTAAT
P17_B05	GTAGCTCC	CGTCTAAT
P16_A12	GACGTCGA	CTCTCTAT
P17_B03	GTCTTAGG	CGTCTAAT
P18_B07	GTAGAGAG	CGTCTAAT
P18_B09	TAGCTGCA	CGTCTAAT
P18_B11	AGGCTCCG	CGTCTAAT
P18_B10	CAGCCTCG	CGTCTAAT
P18_B08	TACTACGC	CGTCTAAT
P19_B11	AGGCTCCG	CGTCTAAT
P20_C04	CATGCCTA	GCGTAAGA
P05_E06	ACTGATCG	TCTCTCCG
P19_C02	TAGCGAGT	GCGTAAGA
P08_F01	AGGAGTCC	CTATTAAG
P19_C01	AGGAGTCC	GCGTAAGA
P19_C04	CATGCCTA	GCGTAAGA
P05_F03	GTCTTAGG	CTATTAAG
P20_C06	ACTGATCG	GCGTAAGA
P21_C10	CAGCCTCG	GCGTAAGA
P20_C05	GTAGCTCC	GCGTAAGA
P07_F08	TACTACGC	CTATTAAG
P19_B12	GACGTCGA	CGTCTAAT
P20_C03	GTCTTAGG	GCGTAAGA
P08_F11	AGGCTCCG	CTATTAAG
P07_F07	GTAGAGAG	CTATTAAG
P08_F12	GACGTCGA	CTATTAAG
P11_G06	ACTGATCG	GTAAGGAG
P09_F12	GACGTCGA	CTATTAAG
P09_G05	GTAGCTCC	GTAAGGAG
P11_G10	CAGCCTCG	GTAAGGAG
P11_G08	TACTACGC	GTAAGGAG
P13_H05	GTAGCTCC	TCGACTAG
P13_H09	TAGCTGCA	TCGACTAG
P13_H08	TACTACGC	TCGACTAG
P14_H12	GACGTCGA	TCGACTAG
P13_H04	CATGCCTA	TCGACTAG
P17_A09	TAGCTGCA	CTCTCTAT
P14_H11	AGGCTCCG	TCGACTAG
P13_H10	CAGCCTCG	TCGACTAG
P17_B01	AGGAGTCC	CGTCTAAT
P03_E08	TACTACGC	TCTCTCCG
P16_A03	GTCTTAGG	CTCTCTAT
P18_G11	AGGCTCCG	GTAAGGAG
P19_C09	TAGCTGCA	GCGTAAGA
P19_C07	GTAGAGAG	GCGTAAGA
P18_G09	TAGCTGCA	GTAAGGAG
P16_A04	CATGCCTA	CTCTCTAT
P07_G02	TAGCGAGT	GTAAGGAG
P16_A05	GTAGCTCC	CTCTCTAT
P16_A06	ACTGATCG	CTCTCTAT
P02_B02	TAGCGAGT	CGTCTAAT
P02_A08	TACTACGC	CTCTCTAT
P21_A06	ACTGATCG	CTCTCTAT
P05_C02	TAGCGAGT	GCGTAAGA
P04_B09	TAGCTGCA	CGTCTAAT
P06_C08	TACTACGC	GCGTAAGA
P07_C10	CAGCCTCG	GCGTAAGA
P06_C10	CAGCCTCG	GCGTAAGA
P07_D01	AGGAGTCC	TATCCTCT
P09_E01	AGGAGTCC	TCTCTCCG
P09_E02	TAGCGAGT	TCTCTCCG
P06_C07	GTAGAGAG	GCGTAAGA
P07_D02	TAGCGAGT	TATCCTCT
P12_E12	GACGTCGA	TCTCTCCG
P16_H11	AGGCTCCG	TCGACTAG
P12_F04	CATGCCTA	CTATTAAG
P09_E06	ACTGATCG	TCTCTCCG
P13_F09	TAGCTGCA	CTATTAAG
P12_F03	GTCTTAGG	CTATTAAG
P08_D07	GTAGAGAG	TATCCTCT
P18_A09	TAGCTGCA	CTCTCTAT
P02_E03	GTCTTAGG	TCTCTCCG
P19_B08	TACTACGC	CGTCTAAT
P21_D07	GTAGAGAG	TATCCTCT
P05_F10	CAGCCTCG	CTATTAAG
P11_F03	GTCTTAGG	CTATTAAG
P12_G04	CATGCCTA	GTAAGGAG
P12_G01	AGGAGTCC	GTAAGGAG
P15_H12	GACGTCGA	TCGACTAG
P17_B09	TAGCTGCA	CGTCTAAT
P18_C02	TAGCGAGT	GCGTAAGA
P18_C07	GTAGAGAG	GCGTAAGA
P18_C06	ACTGATCG	GCGTAAGA
P18_C05	GTAGCTCC	GCGTAAGA
P21_E10	CAGCCTCG	TCTCTCCG
P02_F09	TAGCTGCA	CTATTAAG
P04_G08	TACTACGC	GTAAGGAG
P20_E03	GTCTTAGG	TCTCTCCG
P21_E09	TAGCTGCA	TCTCTCCG
P03_G04	CATGCCTA	GTAAGGAG
P20_E01	AGGAGTCC	TCTCTCCG
P08_A04	CATGCCTA	CTCTCTAT
P12_B12	GACGTCGA	CGTCTAAT
P03_F09	TAGCTGCA	CTATTAAG
P03_G01	AGGAGTCC	GTAAGGAG
P14_E07	GTAGAGAG	TCTCTCCG
P13_D07	GTAGAGAG	TATCCTCT
P17_G10	CAGCCTCG	GTAAGGAG
P15_E10	CAGCCTCG	TCTCTCCG
P07_F01	AGGAGTCC	CTATTAAG
P03_C06	ACTGATCG	GCGTAAGA
P06_E03	GTCTTAGG	TCTCTCCG
P09_G06	ACTGATCG	GTAAGGAG
P09_G09	TAGCTGCA	GTAAGGAG
P16_E06	ACTGATCG	TCTCTCCG
P09_G10	CAGCCTCG	GTAAGGAG
P16_E07	GTAGAGAG	TCTCTCCG
P07_E11	AGGCTCCG	TCTCTCCG
P11_H04	CATGCCTA	TCGACTAG
P17_E02	TAGCGAGT	TCTCTCCG
P18_F06	ACTGATCG	CTATTAAG
P02_A07	GTAGAGAG	CTCTCTAT
P19_G08	TACTACGC	GTAAGGAG
P19_G07	GTAGAGAG	GTAAGGAG
P02_A02	TAGCGAGT	CTCTCTAT
P04_C02	TAGCGAGT	GCGTAAGA
P04_B12	GACGTCGA	CGTCTAAT
P02_A09	TAGCTGCA	CTCTCTAT
P06_D03	GTCTTAGG	TATCCTCT
P16_D01	AGGAGTCC	TATCCTCT
P06_D04	CATGCCTA	TATCCTCT
P04_C07	GTAGAGAG	GCGTAAGA
P05_C09	TAGCTGCA	GCGTAAGA
P20_H02	TAGCGAGT	TCGACTAG
P07_D10	CAGCCTCG	TATCCTCT
P09_F07	GTAGAGAG	CTATTAAG
P14_B06	ACTGATCG	CGTCTAAT
P15_B11	AGGCTCCG	CGTCTAAT
P18_F08	TACTACGC	CTATTAAG
P03_B11	AGGCTCCG	CGTCTAAT
P06_E10	CAGCCTCG	TCTCTCCG
P12_A04	CATGCCTA	CTCTCTAT
P06_E07	GTAGAGAG	TCTCTCCG
P08_G04	CATGCCTA	GTAAGGAG
P07_F06	ACTGATCG	CTATTAAG
P06_E09	TAGCTGCA	TCTCTCCG
P13_B02	TAGCGAGT	CGTCTAAT
P04_E05	GTAGCTCC	TCTCTCCG
P16_D02	TAGCGAGT	TATCCTCT
P14_C04	CATGCCTA	GCGTAAGA
P18_H01	AGGAGTCC	TCGACTAG
P05_E12	GACGTCGA	TCTCTCCG
P20_A01	AGGAGTCC	CTCTCTAT
P04_D09	TAGCTGCA	TATCCTCT
P05_F01	AGGAGTCC	CTATTAAG
P02_E10	CAGCCTCG	TCTCTCCG
P06_F12	GACGTCGA	CTATTAAG
P13_D02	TAGCGAGT	TATCCTCT
P03_F04	CATGCCTA	CTATTAAG
P19_A10	CAGCCTCG	CTCTCTAT
P03_F08	TACTACGC	CTATTAAG
P08_H07	GTAGAGAG	TCGACTAG
P04_G04	CATGCCTA	GTAAGGAG
P15_H09	TAGCTGCA	TCGACTAG
P05_B10	CAGCCTCG	CGTCTAAT
P17_B10	CAGCCTCG	CGTCTAAT
P08_E11	AGGCTCCG	TCTCTCCG
P18_C12	GACGTCGA	GCGTAAGA
P06_C04	CATGCCTA	GCGTAAGA
P11_H02	TAGCGAGT	TCGACTAG
P11_H03	GTCTTAGG	TCGACTAG
P14_B05	GTAGCTCC	CGTCTAAT
P11_H01	AGGAGTCC	TCGACTAG
P09_G01	AGGAGTCC	GTAAGGAG
P08_F02	TAGCGAGT	CTATTAAG
P08_E12	GACGTCGA	TCTCTCCG
P14_B08	TACTACGC	CGTCTAAT
P17_E11	AGGCTCCG	TCTCTCCG
P15_C04	CATGCCTA	GCGTAAGA
P18_G06	ACTGATCG	GTAAGGAG
P04_E06	ACTGATCG	TCTCTCCG
P05_F09	TAGCTGCA	CTATTAAG
P02_C05	GTAGCTCC	GCGTAAGA
P13_E07	GTAGAGAG	TCTCTCCG
P17_A06	ACTGATCG	CTCTCTAT
P20_E11	AGGCTCCG	TCTCTCCG
P02_G09	TAGCTGCA	GTAAGGAG
P12_D08	TACTACGC	TATCCTCT
P02_H06	ACTGATCG	TCGACTAG
P13_A11	AGGCTCCG	CTCTCTAT
P02_H01	AGGAGTCC	TCGACTAG
P05_H04	CATGCCTA	TCGACTAG
P18_H10	CAGCCTCG	TCGACTAG
P05_H05	GTAGCTCC	TCGACTAG
P09_C11	AGGCTCCG	GCGTAAGA
P04_F09	TAGCTGCA	CTATTAAG
P16_E09	TAGCTGCA	TCTCTCCG
P11_D12	GACGTCGA	TATCCTCT
P17_C10	CAGCCTCG	GCGTAAGA
P09_C12	GACGTCGA	GCGTAAGA
P13_G08	TACTACGC	GTAAGGAG
P17_C11	AGGCTCCG	GCGTAAGA
P17_C12	GACGTCGA	GCGTAAGA
P16_B08	TACTACGC	CGTCTAAT
P19_G01	AGGAGTCC	GTAAGGAG
P20_H06	ACTGATCG	TCGACTAG
P02_A04	CATGCCTA	CTCTCTAT
P18_C09	TAGCTGCA	GCGTAAGA
P19_G06	ACTGATCG	GTAAGGAG
P05_C07	GTAGAGAG	GCGTAAGA
P16_B06	ACTGATCG	CGTCTAAT
P11_A01	AGGAGTCC	CTCTCTAT
P21_G08	TACTACGC	GTAAGGAG
P21_G09	TAGCTGCA	GTAAGGAG
P11_A04	CATGCCTA	CTCTCTAT
P06_E01	AGGAGTCC	TCTCTCCG
P13_C11	AGGCTCCG	GCGTAAGA
P13_C08	TACTACGC	GCGTAAGA
P14_E03	GTCTTAGG	TCTCTCCG
P07_E03	GTCTTAGG	TCTCTCCG
P06_C11	AGGCTCCG	GCGTAAGA
P18_A06	ACTGATCG	CTCTCTAT
P07_E02	TAGCGAGT	TCTCTCCG
P09_H04	CATGCCTA	TCGACTAG
P16_G09	TAGCTGCA	GTAAGGAG
P15_E07	GTAGAGAG	TCTCTCCG
P13_B12	GACGTCGA	CGTCTAAT
P17_H08	TACTACGC	TCGACTAG
P08_F09	TAGCTGCA	CTATTAAG
P19_C05	GTAGCTCC	GCGTAAGA
P02_G08	TACTACGC	GTAAGGAG
P11_A03	GTCTTAGG	CTCTCTAT
P21_E11	AGGCTCCG	TCTCTCCG
P21_E12	GACGTCGA	TCTCTCCG
P16_G04	CATGCCTA	GTAAGGAG
P12_B05	GTAGCTCC	CGTCTAAT
P03_H12	GACGTCGA	TCGACTAG
P15_F06	ACTGATCG	CTATTAAG
P03_H09	TAGCTGCA	TCGACTAG
P05_B05	GTAGCTCC	CGTCTAAT
P13_C12	GACGTCGA	GCGTAAGA
P08_G09	TAGCTGCA	GTAAGGAG
P18_B03	GTCTTAGG	CGTCTAAT
P16_G07	GTAGAGAG	GTAAGGAG
P16_H06	ACTGATCG	TCGACTAG
P21_G05	GTAGCTCC	GTAAGGAG
P11_B05	GTAGCTCC	CGTCTAAT
P19_E01	AGGAGTCC	TCTCTCCG
P20_H01	AGGAGTCC	TCGACTAG
P11_B06	ACTGATCG	CGTCTAAT
P02_B01	AGGAGTCC	CGTCTAAT
P07_G05	GTAGCTCC	GTAAGGAG
P14_G02	TAGCGAGT	GTAAGGAG
P14_F11	AGGCTCCG	CTATTAAG
P08_H09	TAGCTGCA	TCGACTAG
P08_H10	CAGCCTCG	TCGACTAG
P20_G12	GACGTCGA	GTAAGGAG
P04_D08	TACTACGC	TATCCTCT
P05_E07	GTAGAGAG	TCTCTCCG
P12_F01	AGGAGTCC	CTATTAAG
P11_D07	GTAGAGAG	TATCCTCT
P11_G12	GACGTCGA	GTAAGGAG
P09_F01	AGGAGTCC	CTATTAAG
P08_A06	ACTGATCG	CTCTCTAT
P15_A08	TACTACGC	CTCTCTAT
P12_F02	TAGCGAGT	CTATTAAG
P11_H06	ACTGATCG	TCGACTAG
P13_A12	GACGTCGA	CTCTCTAT
P13_A08	TACTACGC	CTCTCTAT
P21_F07	GTAGAGAG	CTATTAAG
P20_D10	CAGCCTCG	TATCCTCT
P04_A08	TACTACGC	CTCTCTAT
P21_F09	TAGCTGCA	CTATTAAG
P11_B03	GTCTTAGG	CGTCTAAT
P19_C12	GACGTCGA	GCGTAAGA
P07_F10	CAGCCTCG	CTATTAAG
P15_H10	CAGCCTCG	TCGACTAG
P07_F11	AGGCTCCG	CTATTAAG
P12_C10	CAGCCTCG	GCGTAAGA
P06_E02	TAGCGAGT	TCTCTCCG
P04_F02	TAGCGAGT	CTATTAAG
P11_F09	TAGCTGCA	CTATTAAG
P21_A02	TAGCGAGT	CTCTCTAT
P07_A07	GTAGAGAG	CTCTCTAT
P11_G01	AGGAGTCC	GTAAGGAG
P15_D08	TACTACGC	TATCCTCT
P17_H07	GTAGAGAG	TCGACTAG
P08_C04	CATGCCTA	GCGTAAGA
P08_C05	GTAGCTCC	GCGTAAGA
P09_A04	CATGCCTA	CTCTCTAT
P15_A03	GTCTTAGG	CTCTCTAT
P17_E03	GTCTTAGG	TCTCTCCG
P17_E04	CATGCCTA	TCTCTCCG
P20_D12	GACGTCGA	TATCCTCT
P19_C03	GTCTTAGG	GCGTAAGA
P20_A07	GTAGAGAG	CTCTCTAT
P09_H01	AGGAGTCC	TCGACTAG
P21_B12	GACGTCGA	CGTCTAAT
P09_G12	GACGTCGA	GTAAGGAG
P02_B08	TACTACGC	CGTCTAAT
P21_C03	GTCTTAGG	GCGTAAGA
P12_B03	GTCTTAGG	CGTCTAAT
P06_H11	AGGCTCCG	TCGACTAG
P06_H12	GACGTCGA	TCGACTAG
P11_G02	TAGCGAGT	GTAAGGAG
P08_E05	GTAGCTCC	TCTCTCCG
P12_A08	TACTACGC	CTCTCTAT
P13_A10	CAGCCTCG	CTCTCTAT
P14_C08	TACTACGC	GCGTAAGA
P14_C12	GACGTCGA	GCGTAAGA
P07_A02	TAGCGAGT	CTCTCTAT
P13_A09	TAGCTGCA	CTCTCTAT
P15_E03	GTCTTAGG	TCTCTCCG
P15_E02	TAGCGAGT	TCTCTCCG
P20_F03	GTCTTAGG	CTATTAAG
P12_G09	TAGCTGCA	GTAAGGAG
P19_D07	GTAGAGAG	TATCCTCT
P12_G12	GACGTCGA	GTAAGGAG
P21_G01	AGGAGTCC	GTAAGGAG
P03_A03	GTCTTAGG	CTCTCTAT
P06_F04	CATGCCTA	CTATTAAG
P07_H04	CATGCCTA	TCGACTAG
P17_G08	TACTACGC	GTAAGGAG
P09_B04	CATGCCTA	CGTCTAAT
P14_A08	TACTACGC	CTCTCTAT
P19_B01	AGGAGTCC	CGTCTAAT
P02_H08	TACTACGC	TCGACTAG
P16_G01	AGGAGTCC	GTAAGGAG
P19_B02	TAGCGAGT	CGTCTAAT
P20_D06	ACTGATCG	TATCCTCT
P06_E08	TACTACGC	TCTCTCCG
P14_A06	ACTGATCG	CTCTCTAT
P12_F10	CAGCCTCG	CTATTAAG
P17_G02	TAGCGAGT	GTAAGGAG
P19_B03	GTCTTAGG	CGTCTAAT
P21_F08	TACTACGC	CTATTAAG
P21_F10	CAGCCTCG	CTATTAAG
P20_D05	GTAGCTCC	TATCCTCT
P03_A01	AGGAGTCC	CTCTCTAT
P04_B06	ACTGATCG	CGTCTAAT
P11_D08	TACTACGC	TATCCTCT
P17_H05	GTAGCTCC	TCGACTAG
P07_H05	GTAGCTCC	TCGACTAG
P18_B02	TAGCGAGT	CGTCTAAT
P19_C11	AGGCTCCG	GCGTAAGA
P21_H03	GTCTTAGG	TCGACTAG
P06_G09	TAGCTGCA	GTAAGGAG
P20_G05	GTAGCTCC	GTAAGGAG
P02_B07	GTAGAGAG	CGTCTAAT
P08_A10	CAGCCTCG	CTCTCTAT
P05_G06	ACTGATCG	GTAAGGAG
P04_E11	AGGCTCCG	TCTCTCCG
P04_E10	CAGCCTCG	TCTCTCCG
P12_A02	TAGCGAGT	CTCTCTAT
P07_A10	CAGCCTCG	CTCTCTAT
P15_G05	GTAGCTCC	GTAAGGAG
P08_C11	AGGCTCCG	GCGTAAGA
P16_G08	TACTACGC	GTAAGGAG
P04_H09	TAGCTGCA	TCGACTAG
P12_A01	AGGAGTCC	CTCTCTAT
P21_A12	GACGTCGA	CTCTCTAT
P17_A12	GACGTCGA	CTCTCTAT
P11_A06	ACTGATCG	CTCTCTAT
P11_A08	TACTACGC	CTCTCTAT
P07_C12	GACGTCGA	GCGTAAGA
P17_E08	TACTACGC	TCTCTCCG
P08_G02	TAGCGAGT	GTAAGGAG
P18_H07	GTAGAGAG	TCGACTAG
P08_G05	GTAGCTCC	GTAAGGAG
P11_E05	GTAGCTCC	TCTCTCCG
P09_B12	GACGTCGA	CGTCTAAT
P07_H07	GTAGAGAG	TCGACTAG
P05_H03	GTCTTAGG	TCGACTAG
P02_B09	TAGCTGCA	CGTCTAAT
P12_H04	CATGCCTA	TCGACTAG
P20_G07	GTAGAGAG	GTAAGGAG
P07_B04	CATGCCTA	CGTCTAAT
P09_G07	GTAGAGAG	GTAAGGAG
P09_G08	TACTACGC	GTAAGGAG
P12_B11	AGGCTCCG	CGTCTAAT
P14_G10	CAGCCTCG	GTAAGGAG
P17_D09	TAGCTGCA	TATCCTCT
P17_D07	GTAGAGAG	TATCCTCT
P12_H08	TACTACGC	TCGACTAG
P14_C06	ACTGATCG	GCGTAAGA
P17_D06	ACTGATCG	TATCCTCT
P14_C05	GTAGCTCC	GCGTAAGA
P18_C01	AGGAGTCC	GCGTAAGA
P09_B07	GTAGAGAG	CGTCTAAT
P14_C09	TAGCTGCA	GCGTAAGA
P16_A09	TAGCTGCA	CTCTCTAT
P02_C06	ACTGATCG	GCGTAAGA
P07_C01	AGGAGTCC	GCGTAAGA
P18_C04	CATGCCTA	GCGTAAGA
P19_F03	GTCTTAGG	CTATTAAG
P15_A10	CAGCCTCG	CTCTCTAT
P17_F09	TAGCTGCA	CTATTAAG
P03_B02	TAGCGAGT	CGTCTAAT
P03_B04	CATGCCTA	CGTCTAAT
P04_C05	GTAGCTCC	GCGTAAGA
P11_H12	GACGTCGA	TCGACTAG
P09_E05	GTAGCTCC	TCTCTCCG
P16_C07	GTAGAGAG	GCGTAAGA
P13_D04	CATGCCTA	TATCCTCT
P13_D05	GTAGCTCC	TATCCTCT
P14_F07	GTAGAGAG	CTATTAAG
P14_F04	CATGCCTA	CTATTAAG
P21_D04	CATGCCTA	TATCCTCT
P05_C01	AGGAGTCC	GCGTAAGA
P13_A06	ACTGATCG	CTCTCTAT
P21_B07	GTAGAGAG	CGTCTAAT
P07_H03	GTCTTAGG	TCGACTAG
P14_B09	TAGCTGCA	CGTCTAAT
P06_E05	GTAGCTCC	TCTCTCCG
P21_B08	TACTACGC	CGTCTAAT
P09_A08	TACTACGC	CTCTCTAT
P03_G02	TAGCGAGT	GTAAGGAG
P14_C01	AGGAGTCC	GCGTAAGA
P12_G08	TACTACGC	GTAAGGAG
P03_G07	GTAGAGAG	GTAAGGAG
P02_D04	CATGCCTA	TATCCTCT
P16_H01	AGGAGTCC	TCGACTAG
P04_H04	CATGCCTA	TCGACTAG
P03_F03	GTCTTAGG	CTATTAAG
P06_B04	CATGCCTA	CGTCTAAT
P14_B03	GTCTTAGG	CGTCTAAT
P18_B12	GACGTCGA	CGTCTAAT
P18_C03	GTCTTAGG	GCGTAAGA
P18_C10	CAGCCTCG	GCGTAAGA
P02_D01	AGGAGTCC	TATCCTCT
P19_F02	TAGCGAGT	CTATTAAG
P04_G12	GACGTCGA	GTAAGGAG
P06_B05	GTAGCTCC	CGTCTAAT
P04_H06	ACTGATCG	TCGACTAG
P20_H12	GACGTCGA	TCGACTAG
P02_D12	GACGTCGA	TATCCTCT
P12_F08	TACTACGC	CTATTAAG
P06_B12	GACGTCGA	CGTCTAAT
P15_E08	TACTACGC	TCTCTCCG
P11_D03	GTCTTAGG	TATCCTCT
P16_G02	TAGCGAGT	GTAAGGAG
P05_A09	TAGCTGCA	CTCTCTAT
P06_C01	AGGAGTCC	GCGTAAGA
P06_D09	TAGCTGCA	TATCCTCT
P07_E12	GACGTCGA	TCTCTCCG
P06_D08	TACTACGC	TATCCTCT
P11_E11	AGGCTCCG	TCTCTCCG
P11_F01	AGGAGTCC	CTATTAAG
P09_B11	AGGCTCCG	CGTCTAAT
P21_D01	AGGAGTCC	TATCCTCT
P02_G05	GTAGCTCC	GTAAGGAG
P14_E05	GTAGCTCC	TCTCTCCG
P21_C11	AGGCTCCG	GCGTAAGA
P09_D08	TACTACGC	TATCCTCT
P14_E02	TAGCGAGT	TCTCTCCG
P13_D10	CAGCCTCG	TATCCTCT
P18_H12	GACGTCGA	TCGACTAG
P08_B03	GTCTTAGG	CGTCTAAT
P17_E06	ACTGATCG	TCTCTCCG
P19_A01	AGGAGTCC	CTCTCTAT
P16_B05	GTAGCTCC	CGTCTAAT
P04_D06	ACTGATCG	TATCCTCT
P05_F08	TACTACGC	CTATTAAG
P03_B01	AGGAGTCC	CGTCTAAT
P15_B09	TAGCTGCA	CGTCTAAT
P04_D03	GTCTTAGG	TATCCTCT
P07_B02	TAGCGAGT	CGTCTAAT
P04_H10	CAGCCTCG	TCGACTAG
P02_G11	AGGCTCCG	GTAAGGAG
P05_D12	GACGTCGA	TATCCTCT
P06_B11	AGGCTCCG	CGTCTAAT
P03_E06	ACTGATCG	TCTCTCCG
P17_G12	GACGTCGA	GTAAGGAG
P15_F12	GACGTCGA	CTATTAAG
P15_F11	AGGCTCCG	CTATTAAG
P17_H01	AGGAGTCC	TCGACTAG
P04_A09	TAGCTGCA	CTCTCTAT
P16_E05	GTAGCTCC	TCTCTCCG
P07_F05	GTAGCTCC	CTATTAAG
P08_C09	TAGCTGCA	GCGTAAGA
P19_D05	GTAGCTCC	TATCCTCT
P02_B06	ACTGATCG	CGTCTAAT
P03_D08	TACTACGC	TATCCTCT
P04_G05	GTAGCTCC	GTAAGGAG
P19_D08	TACTACGC	TATCCTCT
P06_B02	TAGCGAGT	CGTCTAAT
P06_B03	GTCTTAGG	CGTCTAAT
P11_D11	AGGCTCCG	TATCCTCT
P15_F09	TAGCTGCA	CTATTAAG
P15_G02	TAGCGAGT	GTAAGGAG
P17_B06	ACTGATCG	CGTCTAAT
P17_B07	GTAGAGAG	CGTCTAAT
P02_H04	CATGCCTA	TCGACTAG
P05_F02	TAGCGAGT	CTATTAAG
P12_D02	TAGCGAGT	TATCCTCT
P05_F05	GTAGCTCC	CTATTAAG
P05_B08	TACTACGC	CGTCTAAT
P13_G07	GTAGAGAG	GTAAGGAG
P09_D07	GTAGAGAG	TATCCTCT
P13_B05	GTAGCTCC	CGTCTAAT
P14_H01	AGGAGTCC	TCGACTAG
P13_B01	AGGAGTCC	CGTCTAAT
P19_F06	ACTGATCG	CTATTAAG
P03_G09	TAGCTGCA	GTAAGGAG
P02_A06	ACTGATCG	CTCTCTAT
P20_H10	CAGCCTCG	TCGACTAG
P14_G12	GACGTCGA	GTAAGGAG
P08_A08	TACTACGC	CTCTCTAT
P13_B04	CATGCCTA	CGTCTAAT
P03_A11	AGGCTCCG	CTCTCTAT
P07_G04	CATGCCTA	GTAAGGAG
P19_B10	CAGCCTCG	CGTCTAAT
P14_E04	CATGCCTA	TCTCTCCG
P20_C08	TACTACGC	GCGTAAGA
P03_C01	AGGAGTCC	GCGTAAGA
P05_H11	AGGCTCCG	TCGACTAG
P15_F08	TACTACGC	CTATTAAG
P07_D07	GTAGAGAG	TATCCTCT
P07_D05	GTAGCTCC	TATCCTCT
P08_H01	AGGAGTCC	TCGACTAG
P17_B11	AGGCTCCG	CGTCTAAT
P11_C01	AGGAGTCC	GCGTAAGA
P03_A04	CATGCCTA	CTCTCTAT
P03_A07	GTAGAGAG	CTCTCTAT
P05_G11	AGGCTCCG	GTAAGGAG
P11_C02	TAGCGAGT	GCGTAAGA
P08_G03	GTCTTAGG	GTAAGGAG
P17_A10	CAGCCTCG	CTCTCTAT
P17_A05	GTAGCTCC	CTCTCTAT
P05_G08	TACTACGC	GTAAGGAG
P15_F01	AGGAGTCC	CTATTAAG
P18_F03	GTCTTAGG	CTATTAAG
P04_C11	AGGCTCCG	GCGTAAGA
P03_A05	GTAGCTCC	CTCTCTAT
P05_G04	CATGCCTA	GTAAGGAG
P04_D02	TAGCGAGT	TATCCTCT
P08_H02	TAGCGAGT	TCGACTAG
P18_F05	GTAGCTCC	CTATTAAG
P17_C04	CATGCCTA	GCGTAAGA
P14_D06	ACTGATCG	TATCCTCT
P20_B02	TAGCGAGT	CGTCTAAT
P20_C01	AGGAGTCC	GCGTAAGA
P21_F06	ACTGATCG	CTATTAAG
P04_E03	GTCTTAGG	TCTCTCCG
P11_E02	TAGCGAGT	TCTCTCCG
P04_F03	GTCTTAGG	CTATTAAG
P03_B12	GACGTCGA	CGTCTAAT
P14_E09	TAGCTGCA	TCTCTCCG
P06_A06	ACTGATCG	CTCTCTAT
P13_A01	AGGAGTCC	CTCTCTAT
P17_E07	GTAGAGAG	TCTCTCCG
P21_H01	AGGAGTCC	TCGACTAG
P07_E07	GTAGAGAG	TCTCTCCG
P11_H07	GTAGAGAG	TCGACTAG
P18_E01	AGGAGTCC	TCTCTCCG
P17_H04	CATGCCTA	TCGACTAG
P19_H11	AGGCTCCG	TCGACTAG
P19_A05	GTAGCTCC	CTCTCTAT
P06_D06	ACTGATCG	TATCCTCT
P09_H02	TAGCGAGT	TCGACTAG
P13_G12	GACGTCGA	GTAAGGAG
P14_H06	ACTGATCG	TCGACTAG
P21_H04	CATGCCTA	TCGACTAG
P06_D02	TAGCGAGT	TATCCTCT
P21_D03	GTCTTAGG	TATCCTCT
P04_C03	GTCTTAGG	GCGTAAGA
P05_G12	GACGTCGA	GTAAGGAG
P20_E04	CATGCCTA	TCTCTCCG
P19_A04	CATGCCTA	CTCTCTAT
P20_E05	GTAGCTCC	TCTCTCCG
P21_H11	AGGCTCCG	TCGACTAG
P03_D11	AGGCTCCG	TATCCTCT
P03_D12	GACGTCGA	TATCCTCT
P05_A03	GTCTTAGG	CTCTCTAT
P05_A04	CATGCCTA	CTCTCTAT
P09_D09	TAGCTGCA	TATCCTCT
P06_E11	AGGCTCCG	TCTCTCCG
P09_D12	GACGTCGA	TATCCTCT
P13_E09	TAGCTGCA	TCTCTCCG
P12_A07	GTAGAGAG	CTCTCTAT
P15_A09	TAGCTGCA	CTCTCTAT
P04_B02	TAGCGAGT	CGTCTAAT
P08_A05	GTAGCTCC	CTCTCTAT
P19_F11	AGGCTCCG	CTATTAAG
P21_B05	GTAGCTCC	CGTCTAAT
P15_G11	AGGCTCCG	GTAAGGAG
P04_A12	GACGTCGA	CTCTCTAT
P06_F11	AGGCTCCG	CTATTAAG
P08_B07	GTAGAGAG	CGTCTAAT
P11_F07	GTAGAGAG	CTATTAAG
P06_F10	CAGCCTCG	CTATTAAG
P18_D12	GACGTCGA	TATCCTCT
P09_F03	GTCTTAGG	CTATTAAG
P21_D08	TACTACGC	TATCCTCT
P16_E01	AGGAGTCC	TCTCTCCG
P03_H08	TACTACGC	TCGACTAG
P03_H11	AGGCTCCG	TCGACTAG
P13_C07	GTAGAGAG	GCGTAAGA
P02_E02	TAGCGAGT	TCTCTCCG
P07_B01	AGGAGTCC	CGTCTAAT
P04_A05	GTAGCTCC	CTCTCTAT
P07_B03	GTCTTAGG	CGTCTAAT
P11_B07	GTAGAGAG	CGTCTAAT
P11_B12	GACGTCGA	CGTCTAAT
P08_F06	ACTGATCG	CTATTAAG
P12_G03	GTCTTAGG	GTAAGGAG
P15_G09	TAGCTGCA	GTAAGGAG
P14_D04	CATGCCTA	TATCCTCT
P18_H09	TAGCTGCA	TCGACTAG
P14_D07	GTAGAGAG	TATCCTCT
P08_F03	GTCTTAGG	CTATTAAG
P15_G08	TACTACGC	GTAAGGAG
P08_F05	GTAGCTCC	CTATTAAG
P18_H11	AGGCTCCG	TCGACTAG
P17_A07	GTAGAGAG	CTCTCTAT
P08_C08	TACTACGC	GCGTAAGA
P07_H12	GACGTCGA	TCGACTAG
P06_F01	AGGAGTCC	CTATTAAG
P04_G11	AGGCTCCG	GTAAGGAG
P13_G02	TAGCGAGT	GTAAGGAG
P09_F06	ACTGATCG	CTATTAAG
P13_H01	AGGAGTCC	TCGACTAG
P13_H02	TAGCGAGT	TCGACTAG
P04_G06	ACTGATCG	GTAAGGAG
P21_F02	TAGCGAGT	CTATTAAG
P18_E05	GTAGCTCC	TCTCTCCG
P20_A10	CAGCCTCG	CTCTCTAT
P21_E06	ACTGATCG	TCTCTCCG
P09_E03	GTCTTAGG	TCTCTCCG
P09_E07	GTAGAGAG	TCTCTCCG
P12_B06	ACTGATCG	CGTCTAAT
P04_F07	GTAGAGAG	CTATTAAG
P09_E08	TACTACGC	TCTCTCCG
P16_G10	CAGCCTCG	GTAAGGAG
P06_C03	GTCTTAGG	GCGTAAGA
P13_F12	GACGTCGA	CTATTAAG
P13_G01	AGGAGTCC	GTAAGGAG
P15_C09	TAGCTGCA	GCGTAAGA
P20_A12	GACGTCGA	CTCTCTAT
P21_F01	AGGAGTCC	CTATTAAG
P03_B09	TAGCTGCA	CGTCTAAT
P18_F12	GACGTCGA	CTATTAAG
P05_A06	ACTGATCG	CTCTCTAT
P15_F10	CAGCCTCG	CTATTAAG
P09_H11	AGGCTCCG	TCGACTAG
P09_H09	TAGCTGCA	TCGACTAG
P16_G05	GTAGCTCC	GTAAGGAG
P17_D02	TAGCGAGT	TATCCTCT
P20_E09	TAGCTGCA	TCTCTCCG
P19_D12	GACGTCGA	TATCCTCT
P05_D01	AGGAGTCC	TATCCTCT
P20_H07	GTAGAGAG	TCGACTAG
P02_E11	AGGCTCCG	TCTCTCCG
P19_A03	GTCTTAGG	CTCTCTAT
P05_F11	AGGCTCCG	CTATTAAG
P04_A06	ACTGATCG	CTCTCTAT
P07_C08	TACTACGC	GCGTAAGA
P02_E09	TAGCTGCA	TCTCTCCG
P09_A01	AGGAGTCC	CTCTCTAT
P09_A02	TAGCGAGT	CTCTCTAT
P09_A05	GTAGCTCC	CTCTCTAT
P13_C10	CAGCCTCG	GCGTAAGA
P04_E08	TACTACGC	TCTCTCCG
P13_C05	GTAGCTCC	GCGTAAGA
P14_H07	GTAGAGAG	TCGACTAG
P07_G12	GACGTCGA	GTAAGGAG
P15_D03	GTCTTAGG	TATCCTCT
P09_D11	AGGCTCCG	TATCCTCT
P07_H06	ACTGATCG	TCGACTAG
P02_F08	TACTACGC	CTATTAAG
P08_E01	AGGAGTCC	TCTCTCCG
P03_F01	AGGAGTCC	CTATTAAG
P02_F11	AGGCTCCG	CTATTAAG
P05_H09	TAGCTGCA	TCGACTAG
P04_C04	CATGCCTA	GCGTAAGA
P06_H05	GTAGCTCC	TCGACTAG
P02_F10	CAGCCTCG	CTATTAAG
P15_C06	ACTGATCG	GCGTAAGA
P18_E10	CAGCCTCG	TCTCTCCG
P06_G11	AGGCTCCG	GTAAGGAG
P06_G12	GACGTCGA	GTAAGGAG
P18_E11	AGGCTCCG	TCTCTCCG
P05_B04	CATGCCTA	CGTCTAAT
P05_B01	AGGAGTCC	CGTCTAAT
P11_C07	GTAGAGAG	GCGTAAGA
P15_D12	GACGTCGA	TATCCTCT
P04_D01	AGGAGTCC	TATCCTCT
P19_E09	TAGCTGCA	TCTCTCCG
P17_A04	CATGCCTA	CTCTCTAT
P08_D09	TAGCTGCA	TATCCTCT
P12_C04	CATGCCTA	GCGTAAGA
P15_E01	AGGAGTCC	TCTCTCCG
P19_E08	TACTACGC	TCTCTCCG
P17_A01	AGGAGTCC	CTCTCTAT
P20_D08	TACTACGC	TATCCTCT
P11_E10	CAGCCTCG	TCTCTCCG
P03_F07	GTAGAGAG	CTATTAAG
P12_G05	GTAGCTCC	GTAAGGAG
P07_B07	GTAGAGAG	CGTCTAAT
P21_A11	AGGCTCCG	CTCTCTAT
P03_C03	GTCTTAGG	GCGTAAGA
P08_G12	GACGTCGA	GTAAGGAG
P12_G06	ACTGATCG	GTAAGGAG
P02_G03	GTCTTAGG	GTAAGGAG
P08_C12	GACGTCGA	GCGTAAGA
P02_G04	CATGCCTA	GTAAGGAG
P04_D10	CAGCCTCG	TATCCTCT
P02_G06	ACTGATCG	GTAAGGAG
P14_A11	AGGCTCCG	CTCTCTAT
P04_D12	GACGTCGA	TATCCTCT
P09_C10	CAGCCTCG	GCGTAAGA
P12_D05	GTAGCTCC	TATCCTCT
P15_D09	TAGCTGCA	TATCCTCT
P18_H02	TAGCGAGT	TCGACTAG
P09_F05	GTAGCTCC	CTATTAAG
P19_B04	CATGCCTA	CGTCTAAT
P02_C03	GTCTTAGG	GCGTAAGA
P07_H09	TAGCTGCA	TCGACTAG
P05_F04	CATGCCTA	CTATTAAG
P09_B10	CAGCCTCG	CGTCTAAT
P09_B08	TACTACGC	CGTCTAAT
P16_H09	TAGCTGCA	TCGACTAG
P07_D03	GTCTTAGG	TATCCTCT
P09_B06	ACTGATCG	CGTCTAAT
P20_D02	TAGCGAGT	TATCCTCT
P13_F07	GTAGAGAG	CTATTAAG
P02_B04	CATGCCTA	CGTCTAAT
P18_F11	AGGCTCCG	CTATTAAG
P03_G05	GTAGCTCC	GTAAGGAG
P02_A12	GACGTCGA	CTCTCTAT
P05_E02	TAGCGAGT	TCTCTCCG
P02_B03	GTCTTAGG	CGTCTAAT
P09_B02	TAGCGAGT	CGTCTAAT
P13_F04	CATGCCTA	CTATTAAG
P13_F06	ACTGATCG	CTATTAAG
P15_D06	ACTGATCG	TATCCTCT
P16_H08	TACTACGC	TCGACTAG
P15_D11	AGGCTCCG	TATCCTCT
P18_G04	CATGCCTA	GTAAGGAG
P17_C01	AGGAGTCC	GCGTAAGA
P15_D10	CAGCCTCG	TATCCTCT
P04_B01	AGGAGTCC	CGTCTAAT
P07_F03	GTCTTAGG	CTATTAAG
P14_A07	GTAGAGAG	CTCTCTAT
P17_D11	AGGCTCCG	TATCCTCT
P16_H07	GTAGAGAG	TCGACTAG
P09_D06	ACTGATCG	TATCCTCT
P04_D07	GTAGAGAG	TATCCTCT
P12_E07	GTAGAGAG	TCTCTCCG
P17_G11	AGGCTCCG	GTAAGGAG
P06_B01	AGGAGTCC	CGTCTAAT
P04_D05	GTAGCTCC	TATCCTCT
P15_G01	AGGAGTCC	GTAAGGAG
P17_G09	TAGCTGCA	GTAAGGAG
P03_A10	CAGCCTCG	CTCTCTAT
P03_A12	GACGTCGA	CTCTCTAT
P08_D04	CATGCCTA	TATCCTCT
P13_A05	GTAGCTCC	CTCTCTAT
P05_D02	TAGCGAGT	TATCCTCT
P20_B01	AGGAGTCC	CGTCTAAT
P03_E04	CATGCCTA	TCTCTCCG
P05_D07	GTAGAGAG	TATCCTCT
P18_H06	ACTGATCG	TCGACTAG
P09_A06	ACTGATCG	CTCTCTAT
P16_B03	GTCTTAGG	CGTCTAAT
P09_A03	GTCTTAGG	CTCTCTAT
P19_A02	TAGCGAGT	CTCTCTAT
P06_A05	GTAGCTCC	CTCTCTAT
P05_A08	TACTACGC	CTCTCTAT
P05_A01	AGGAGTCC	CTCTCTAT
P14_D03	GTCTTAGG	TATCCTCT
P11_E06	ACTGATCG	TCTCTCCG
P19_G04	CATGCCTA	GTAAGGAG
P03_B03	GTCTTAGG	CGTCTAAT
P16_A11	AGGCTCCG	CTCTCTAT
P13_C09	TAGCTGCA	GCGTAAGA
P20_D04	CATGCCTA	TATCCTCT
P07_F09	TAGCTGCA	CTATTAAG
P09_E11	AGGCTCCG	TCTCTCCG
P16_F09	TAGCTGCA	CTATTAAG
P07_F04	CATGCCTA	CTATTAAG
P12_D03	GTCTTAGG	TATCCTCT
P14_C02	TAGCGAGT	GCGTAAGA
P15_H07	GTAGAGAG	TCGACTAG
P21_C02	TAGCGAGT	GCGTAAGA
P08_E10	CAGCCTCG	TCTCTCCG
P20_F02	TAGCGAGT	CTATTAAG
P14_E10	CAGCCTCG	TCTCTCCG
P16_G12	GACGTCGA	GTAAGGAG
P14_E11	AGGCTCCG	TCTCTCCG
P07_H08	TACTACGC	TCGACTAG
P16_H05	GTAGCTCC	TCGACTAG
P17_F02	TAGCGAGT	CTATTAAG
P18_G07	GTAGAGAG	GTAAGGAG
P13_H03	GTCTTAGG	TCGACTAG
P05_D06	ACTGATCG	TATCCTCT
P03_E02	TAGCGAGT	TCTCTCCG
P16_H04	CATGCCTA	TCGACTAG
P20_A02	TAGCGAGT	CTCTCTAT
P17_F01	AGGAGTCC	CTATTAAG
P04_H03	GTCTTAGG	TCGACTAG
P04_G10	CAGCCTCG	GTAAGGAG
P08_E06	ACTGATCG	TCTCTCCG
P16_H10	CAGCCTCG	TCGACTAG
P16_H12	GACGTCGA	TCGACTAG
P08_E04	CATGCCTA	TCTCTCCG
P15_B06	ACTGATCG	CGTCTAAT
P02_E01	AGGAGTCC	TCTCTCCG
P18_E08	TACTACGC	TCTCTCCG
P18_E06	ACTGATCG	TCTCTCCG
P12_H05	GTAGCTCC	TCGACTAG
P02_B12	GACGTCGA	CGTCTAAT
P09_H06	ACTGATCG	TCGACTAG
P05_H10	CAGCCTCG	TCGACTAG
P14_E08	TACTACGC	TCTCTCCG
P12_E08	TACTACGC	TCTCTCCG
P12_E06	ACTGATCG	TCTCTCCG
P07_D11	AGGCTCCG	TATCCTCT
P21_F11	AGGCTCCG	CTATTAAG
P03_E07	GTAGAGAG	TCTCTCCG
P09_E09	TAGCTGCA	TCTCTCCG
P09_D02	TAGCGAGT	TATCCTCT
P16_B11	AGGCTCCG	CGTCTAAT
P05_E03	GTCTTAGG	TCTCTCCG
P07_C09	TAGCTGCA	GCGTAAGA
P16_C08	TACTACGC	GCGTAAGA
P12_C06	ACTGATCG	GCGTAAGA
P19_H10	CAGCCTCG	TCGACTAG
P16_B12	GACGTCGA	CGTCTAAT
P19_H08	TACTACGC	TCGACTAG
P03_E05	GTAGCTCC	TCTCTCCG
P14_C03	GTCTTAGG	GCGTAAGA
P16_A07	GTAGAGAG	CTCTCTAT
P20_A04	CATGCCTA	CTCTCTAT
P20_A05	GTAGCTCC	CTCTCTAT
P14_D02	TAGCGAGT	TATCCTCT
P18_B05	GTAGCTCC	CGTCTAAT
P12_E09	TAGCTGCA	TCTCTCCG
P03_G11	AGGCTCCG	GTAAGGAG
P12_E05	GTAGCTCC	TCTCTCCG
P21_H06	ACTGATCG	TCGACTAG
P20_B06	ACTGATCG	CGTCTAAT
P18_D09	TAGCTGCA	TATCCTCT
P02_C02	TAGCGAGT	GCGTAAGA
P14_H02	TAGCGAGT	TCGACTAG
P06_A09	TAGCTGCA	CTCTCTAT
P02_E05	GTAGCTCC	TCTCTCCG
P20_F10	CAGCCTCG	CTATTAAG
P16_D03	GTCTTAGG	TATCCTCT
P06_A12	GACGTCGA	CTCTCTAT
P16_D08	TACTACGC	TATCCTCT
P12_H03	GTCTTAGG	TCGACTAG
P06_E06	ACTGATCG	TCTCTCCG
P08_D01	AGGAGTCC	TATCCTCT
P19_D04	CATGCCTA	TATCCTCT
P08_D02	TAGCGAGT	TATCCTCT
P15_G10	CAGCCTCG	GTAAGGAG
P17_H02	TAGCGAGT	TCGACTAG
P03_A06	ACTGATCG	CTCTCTAT
P05_E10	CAGCCTCG	TCTCTCCG
P03_A08	TACTACGC	CTCTCTAT
P05_F07	GTAGAGAG	CTATTAAG
P05_F12	GACGTCGA	CTATTAAG
P14_F01	AGGAGTCC	CTATTAAG
P14_F05	GTAGCTCC	CTATTAAG
P20_E06	ACTGATCG	TCTCTCCG
P12_E02	TAGCGAGT	TCTCTCCG
P11_D04	CATGCCTA	TATCCTCT
P13_D06	ACTGATCG	TATCCTCT
P17_D01	AGGAGTCC	TATCCTCT
P08_C03	GTCTTAGG	GCGTAAGA
P03_B06	ACTGATCG	CGTCTAAT
P08_C06	ACTGATCG	GCGTAAGA
P13_D08	TACTACGC	TATCCTCT
P12_B10	CAGCCTCG	CGTCTAAT
P12_C02	TAGCGAGT	GCGTAAGA
P02_B05	GTAGCTCC	CGTCTAAT
P04_A11	AGGCTCCG	CTCTCTAT
P17_C08	TACTACGC	GCGTAAGA
P15_B10	CAGCCTCG	CGTCTAAT
P05_B06	ACTGATCG	CGTCTAAT
P06_B09	TAGCTGCA	CGTCTAAT
P03_C04	CATGCCTA	GCGTAAGA
P03_B10	CAGCCTCG	CGTCTAAT
P02_C09	TAGCTGCA	GCGTAAGA
P08_B04	CATGCCTA	CGTCTAAT
P06_D10	CAGCCTCG	TATCCTCT
P02_C10	CAGCCTCG	GCGTAAGA
P04_B11	AGGCTCCG	CGTCTAAT
P17_F05	GTAGCTCC	CTATTAAG
P19_F07	GTAGAGAG	CTATTAAG
P21_D05	GTAGCTCC	TATCCTCT
P03_E01	AGGAGTCC	TCTCTCCG
P08_D05	GTAGCTCC	TATCCTCT
P14_G09	TAGCTGCA	GTAAGGAG
P03_E03	GTCTTAGG	TCTCTCCG
P05_E09	TAGCTGCA	TCTCTCCG
P14_H03	GTCTTAGG	TCGACTAG
P04_H11	AGGCTCCG	TCGACTAG
P09_B05	GTAGCTCC	CGTCTAAT
P14_G11	AGGCTCCG	GTAAGGAG
P07_E08	TACTACGC	TCTCTCCG
P18_D07	GTAGAGAG	TATCCTCT
P11_F10	CAGCCTCG	CTATTAAG
P04_D04	CATGCCTA	TATCCTCT
P19_H07	GTAGAGAG	TCGACTAG
P18_D10	CAGCCTCG	TATCCTCT
P20_C12	GACGTCGA	GCGTAAGA
P06_A07	GTAGAGAG	CTCTCTAT
P08_E09	TAGCTGCA	TCTCTCCG
P11_D02	TAGCGAGT	TATCCTCT
P15_C12	GACGTCGA	GCGTAAGA
P11_A11	AGGCTCCG	CTCTCTAT
P15_B04	CATGCCTA	CGTCTAAT
P17_E09	TAGCTGCA	TCTCTCCG
P19_F04	CATGCCTA	CTATTAAG
P21_B11	AGGCTCCG	CGTCTAAT
P21_C04	CATGCCTA	GCGTAAGA
P07_E05	GTAGCTCC	TCTCTCCG
P08_B05	GTAGCTCC	CGTCTAAT
P16_H02	TAGCGAGT	TCGACTAG
P15_A02	TAGCGAGT	CTCTCTAT
P12_H02	TAGCGAGT	TCGACTAG
P09_G04	CATGCCTA	GTAAGGAG
P21_A07	GTAGAGAG	CTCTCTAT
P19_C08	TACTACGC	GCGTAAGA
P19_C06	ACTGATCG	GCGTAAGA
P09_G03	GTCTTAGG	GTAAGGAG
P14_H05	GTAGCTCC	TCGACTAG
P21_A10	CAGCCTCG	CTCTCTAT
P09_G02	TAGCGAGT	GTAAGGAG
P03_C07	GTAGAGAG	GCGTAAGA
P09_H03	GTCTTAGG	TCGACTAG
P03_C09	TAGCTGCA	GCGTAAGA
P07_E01	AGGAGTCC	TCTCTCCG
P03_C08	TACTACGC	GCGTAAGA
P17_B02	TAGCGAGT	CGTCTAAT
P19_D06	ACTGATCG	TATCCTCT
P12_H06	ACTGATCG	TCGACTAG
P15_A07	GTAGAGAG	CTCTCTAT
P05_E11	AGGCTCCG	TCTCTCCG
P11_D06	ACTGATCG	TATCCTCT
P15_C01	AGGAGTCC	GCGTAAGA
P21_C05	GTAGCTCC	GCGTAAGA
P15_E12	GACGTCGA	TCTCTCCG
P19_F08	TACTACGC	CTATTAAG
P15_F02	TAGCGAGT	CTATTAAG
P19_H12	GACGTCGA	TCGACTAG
P06_D07	GTAGAGAG	TATCCTCT
P15_F03	GTCTTAGG	CTATTAAG
P08_D12	GACGTCGA	TATCCTCT
P08_E02	TAGCGAGT	TCTCTCCG
P04_F08	TACTACGC	CTATTAAG
P08_E03	GTCTTAGG	TCTCTCCG
P06_H09	TAGCTGCA	TCGACTAG
P09_A10	CAGCCTCG	CTCTCTAT
P18_G10	CAGCCTCG	GTAAGGAG
P12_C08	TACTACGC	GCGTAAGA
P14_D10	CAGCCTCG	TATCCTCT
P07_D04	CATGCCTA	TATCCTCT
P20_H08	TACTACGC	TCGACTAG
P19_F09	TAGCTGCA	CTATTAAG
P16_E10	CAGCCTCG	TCTCTCCG
P19_F10	CAGCCTCG	CTATTAAG
P21_E08	TACTACGC	TCTCTCCG
P03_G12	GACGTCGA	GTAAGGAG
P09_C06	ACTGATCG	GCGTAAGA
P09_C05	GTAGCTCC	GCGTAAGA
P19_F12	GACGTCGA	CTATTAAG
P12_D10	CAGCCTCG	TATCCTCT
P04_G07	GTAGAGAG	GTAAGGAG
P19_B05	GTAGCTCC	CGTCTAAT
P12_D09	TAGCTGCA	TATCCTCT
P02_C07	GTAGAGAG	GCGTAAGA
P05_G02	TAGCGAGT	GTAAGGAG
P17_H12	GACGTCGA	TCGACTAG
P02_C12	GACGTCGA	GCGTAAGA
P19_A12	GACGTCGA	CTCTCTAT
P04_E07	GTAGAGAG	TCTCTCCG
P05_G03	GTCTTAGG	GTAAGGAG
P09_B01	AGGAGTCC	CGTCTAAT
P14_E12	GACGTCGA	TCTCTCCG
P19_A07	GTAGAGAG	CTCTCTAT
P05_G10	CAGCCTCG	GTAAGGAG
P07_H10	CAGCCTCG	TCGACTAG
P03_D04	CATGCCTA	TATCCTCT
P08_A02	TAGCGAGT	CTCTCTAT
P15_G12	GACGTCGA	GTAAGGAG
P02_D09	TAGCTGCA	TATCCTCT
P20_D01	AGGAGTCC	TATCCTCT
P14_H10	CAGCCTCG	TCGACTAG
P17_C05	GTAGCTCC	GCGTAAGA
P18_F07	GTAGAGAG	CTATTAAG
P07_A05	GTAGCTCC	CTCTCTAT
P14_B02	TAGCGAGT	CGTCTAAT
P07_G08	TACTACGC	GTAAGGAG
P03_H06	ACTGATCG	TCGACTAG
P18_F09	TAGCTGCA	CTATTAAG
P11_C09	TAGCTGCA	GCGTAAGA
P07_G11	AGGCTCCG	GTAAGGAG
P13_E03	GTCTTAGG	TCTCTCCG
P15_G03	GTCTTAGG	GTAAGGAG
P04_H01	AGGAGTCC	TCGACTAG
P15_G04	CATGCCTA	GTAAGGAG
P12_H01	AGGAGTCC	TCGACTAG
P17_E05	GTAGCTCC	TCTCTCCG
P04_C09	TAGCTGCA	GCGTAAGA
P21_E03	GTCTTAGG	TCTCTCCG
P04_C06	ACTGATCG	GCGTAAGA
P09_A11	AGGCTCCG	CTCTCTAT
P21_H09	TAGCTGCA	TCGACTAG
P12_A09	TAGCTGCA	CTCTCTAT
P12_D01	AGGAGTCC	TATCCTCT
P14_C10	CAGCCTCG	GCGTAAGA
P19_E03	GTCTTAGG	TCTCTCCG
P14_C07	GTAGAGAG	GCGTAAGA
P21_A03	GTCTTAGG	CTCTCTAT
P08_B10	CAGCCTCG	CGTCTAAT
P05_H02	TAGCGAGT	TCGACTAG
P19_A06	ACTGATCG	CTCTCTAT
P08_C01	AGGAGTCC	GCGTAAGA
P03_D06	ACTGATCG	TATCCTCT
P11_E08	TACTACGC	TCTCTCCG
P20_H03	GTCTTAGG	TCGACTAG
P13_G04	CATGCCTA	GTAAGGAG
P18_E04	CATGCCTA	TCTCTCCG
P16_C06	ACTGATCG	GCGTAAGA
P20_G11	AGGCTCCG	GTAAGGAG
P16_C05	GTAGCTCC	GCGTAAGA
P08_A03	GTCTTAGG	CTCTCTAT
P13_G10	CAGCCTCG	GTAAGGAG
P05_E04	CATGCCTA	TCTCTCCG
P03_F02	TAGCGAGT	CTATTAAG
P21_B06	ACTGATCG	CGTCTAAT
P08_B06	ACTGATCG	CGTCTAAT
P18_G12	GACGTCGA	GTAAGGAG
P16_C02	TAGCGAGT	GCGTAAGA
P08_B08	TACTACGC	CGTCTAAT
P14_B11	AGGCTCCG	CGTCTAAT
P16_C09	TAGCTGCA	GCGTAAGA
P16_C10	CAGCCTCG	GCGTAAGA
P08_D10	CAGCCTCG	TATCCTCT
P17_A11	AGGCTCCG	CTCTCTAT
P19_C10	CAGCCTCG	GCGTAAGA
P14_F09	TAGCTGCA	CTATTAAG
P09_D03	GTCTTAGG	TATCCTCT
P08_H03	GTCTTAGG	TCGACTAG
P06_D05	GTAGCTCC	TATCCTCT
P09_D04	CATGCCTA	TATCCTCT
P11_B02	TAGCGAGT	CGTCTAAT
P12_F09	TAGCTGCA	CTATTAAG
P02_D05	GTAGCTCC	TATCCTCT
P20_B07	GTAGAGAG	CGTCTAAT
P20_F08	TACTACGC	CTATTAAG
P20_F09	TAGCTGCA	CTATTAAG
P03_G06	ACTGATCG	GTAAGGAG
P13_C06	ACTGATCG	GCGTAAGA
P21_C09	TAGCTGCA	GCGTAAGA
P13_D01	AGGAGTCC	TATCCTCT
P07_G09	TAGCTGCA	GTAAGGAG
P02_B10	CAGCCTCG	CGTCTAAT
P07_G10	CAGCCTCG	GTAAGGAG
P13_C01	AGGAGTCC	GCGTAAGA
P15_E09	TAGCTGCA	TCTCTCCG
P13_B11	AGGCTCCG	CGTCTAAT
P02_H10	CAGCCTCG	TCGACTAG
P20_F05	GTAGCTCC	CTATTAAG
P19_G12	GACGTCGA	GTAAGGAG
P08_A01	AGGAGTCC	CTCTCTAT
P14_A12	GACGTCGA	CTCTCTAT
P08_A07	GTAGAGAG	CTCTCTAT
P17_G06	ACTGATCG	GTAAGGAG
P19_B07	GTAGAGAG	CGTCTAAT
P05_C06	ACTGATCG	GCGTAAGA
P11_E03	GTCTTAGG	TCTCTCCG
P13_H06	ACTGATCG	TCGACTAG
P20_C10	CAGCCTCG	GCGTAAGA
P20_D07	GTAGAGAG	TATCCTCT
P20_D03	GTCTTAGG	TATCCTCT
P18_H08	TACTACGC	TCGACTAG
P21_E04	CATGCCTA	TCTCTCCG
P16_E11	AGGCTCCG	TCTCTCCG
P12_F06	ACTGATCG	CTATTAAG
P12_F11	AGGCTCCG	CTATTAAG
P15_C03	GTCTTAGG	GCGTAAGA
P04_A02	TAGCGAGT	CTCTCTAT
P02_G10	CAGCCTCG	GTAAGGAG
P15_H03	GTCTTAGG	TCGACTAG
P02_H09	TAGCTGCA	TCGACTAG
P19_E05	GTAGCTCC	TCTCTCCG
P21_A04	CATGCCTA	CTCTCTAT
P03_E12	GACGTCGA	TCTCTCCG
P12_C05	GTAGCTCC	GCGTAAGA
P03_E09	TAGCTGCA	TCTCTCCG
P17_E10	CAGCCTCG	TCTCTCCG
P08_G10	CAGCCTCG	GTAAGGAG
P08_G08	TACTACGC	GTAAGGAG
P02_F06	ACTGATCG	CTATTAAG
P14_A09	TAGCTGCA	CTCTCTAT
P20_B04	CATGCCTA	CGTCTAAT
P19_E02	TAGCGAGT	TCTCTCCG
P04_F04	CATGCCTA	CTATTAAG
P04_A03	GTCTTAGG	CTCTCTAT
P21_H05	GTAGCTCC	TCGACTAG
P12_G11	AGGCTCCG	GTAAGGAG
P21_G12	GACGTCGA	GTAAGGAG
P21_C08	TACTACGC	GCGTAAGA
P15_D02	TAGCGAGT	TATCCTCT
P15_D04	CATGCCTA	TATCCTCT
P12_G10	CAGCCTCG	GTAAGGAG
P18_A04	CATGCCTA	CTCTCTAT
P11_G04	CATGCCTA	GTAAGGAG
P03_D07	GTAGAGAG	TATCCTCT
P17_F10	CAGCCTCG	CTATTAAG
P20_G04	CATGCCTA	GTAAGGAG
P03_D03	GTCTTAGG	TATCCTCT
P17_A02	TAGCGAGT	CTCTCTAT
P14_D08	TACTACGC	TATCCTCT
P19_H03	GTCTTAGG	TCGACTAG
P11_E07	GTAGAGAG	TCTCTCCG
P11_D05	GTAGCTCC	TATCCTCT
P02_D10	CAGCCTCG	TATCCTCT
P07_E04	CATGCCTA	TCTCTCCG
P19_F05	GTAGCTCC	CTATTAAG
P11_C10	CAGCCTCG	GCGTAAGA
P19_E10	CAGCCTCG	TCTCTCCG
P02_C04	CATGCCTA	GCGTAAGA
P11_D01	AGGAGTCC	TATCCTCT
P02_C01	AGGAGTCC	GCGTAAGA
P19_F01	AGGAGTCC	CTATTAAG
P07_C05	GTAGCTCC	GCGTAAGA
P19_E07	GTAGAGAG	TCTCTCCG
P02_D07	GTAGAGAG	TATCCTCT
P19_E06	ACTGATCG	TCTCTCCG
P19_G02	TAGCGAGT	GTAAGGAG
P19_E11	AGGCTCCG	TCTCTCCG
P07_D12	GACGTCGA	TATCCTCT
P19_G05	GTAGCTCC	GTAAGGAG
P07_E06	ACTGATCG	TCTCTCCG
P02_F05	GTAGCTCC	CTATTAAG
P17_D04	CATGCCTA	TATCCTCT
P15_E04	CATGCCTA	TCTCTCCG
P16_F12	GACGTCGA	CTATTAAG
P04_B05	GTAGCTCC	CGTCTAAT
P20_C07	GTAGAGAG	GCGTAAGA
P12_C03	GTCTTAGG	GCGTAAGA
P03_A09	TAGCTGCA	CTCTCTAT
P09_B03	GTCTTAGG	CGTCTAAT
P12_G07	GTAGAGAG	GTAAGGAG
P13_D11	AGGCTCCG	TATCCTCT
P15_D07	GTAGAGAG	TATCCTCT
P13_E02	TAGCGAGT	TCTCTCCG
P19_H05	GTAGCTCC	TCGACTAG
P19_H09	TAGCTGCA	TCGACTAG
P02_F04	CATGCCTA	CTATTAAG
P16_B10	CAGCCTCG	CGTCTAAT
P20_A03	GTCTTAGG	CTCTCTAT
P17_F12	GACGTCGA	CTATTAAG
P17_F11	AGGCTCCG	CTATTAAG
P05_D08	TACTACGC	TATCCTCT
P02_G01	AGGAGTCC	GTAAGGAG
P20_G01	AGGAGTCC	GTAAGGAG
P07_B05	GTAGCTCC	CGTCTAAT
P11_C04	CATGCCTA	GCGTAAGA
P06_D12	GACGTCGA	TATCCTCT
P12_H12	GACGTCGA	TCGACTAG
P04_G01	AGGAGTCC	GTAAGGAG
P18_E03	GTCTTAGG	TCTCTCCG
P20_A09	TAGCTGCA	CTCTCTAT
P08_E08	TACTACGC	TCTCTCCG
P19_D10	CAGCCTCG	TATCCTCT
P12_C09	TAGCTGCA	GCGTAAGA
P05_D05	GTAGCTCC	TATCCTCT
P09_H10	CAGCCTCG	TCGACTAG
P15_A01	AGGAGTCC	CTCTCTAT
P08_B01	AGGAGTCC	CGTCTAAT
P08_B02	TAGCGAGT	CGTCTAAT
P06_G04	CATGCCTA	GTAAGGAG
P02_E06	ACTGATCG	TCTCTCCG
P08_B11	AGGCTCCG	CGTCTAAT
P15_A04	CATGCCTA	CTCTCTAT
P15_A11	AGGCTCCG	CTCTCTAT
P18_A01	AGGAGTCC	CTCTCTAT
P11_A10	CAGCCTCG	CTCTCTAT
P02_H05	GTAGCTCC	TCGACTAG
P21_B01	AGGAGTCC	CGTCTAAT
P16_D09	TAGCTGCA	TATCCTCT
P04_B07	GTAGAGAG	CGTCTAAT
P04_B03	GTCTTAGG	CGTCTAAT
P13_G05	GTAGCTCC	GTAAGGAG
P15_F05	GTAGCTCC	CTATTAAG
P12_E11	AGGCTCCG	TCTCTCCG
P08_G11	AGGCTCCG	GTAAGGAG
P21_G03	GTCTTAGG	GTAAGGAG
P21_G04	CATGCCTA	GTAAGGAG
P09_H12	GACGTCGA	TCGACTAG
P06_G03	GTCTTAGG	GTAAGGAG
P13_F10	CAGCCTCG	CTATTAAG
P15_H06	ACTGATCG	TCGACTAG
P11_D09	TAGCTGCA	TATCCTCT
P15_B01	AGGAGTCC	CGTCTAAT
P19_H06	ACTGATCG	TCGACTAG
P21_C06	ACTGATCG	GCGTAAGA
P15_A12	GACGTCGA	CTCTCTAT
P18_A07	GTAGAGAG	CTCTCTAT
P17_D03	GTCTTAGG	TATCCTCT
P03_B07	GTAGAGAG	CGTCTAAT
P03_G08	TACTACGC	GTAAGGAG
P03_H02	TAGCGAGT	TCGACTAG
P20_B03	GTCTTAGG	CGTCTAAT
P02_E07	GTAGAGAG	TCTCTCCG
P06_A08	TACTACGC	CTCTCTAT
P12_E10	CAGCCTCG	TCTCTCCG
P21_H02	TAGCGAGT	TCGACTAG
P08_F10	CAGCCTCG	CTATTAAG
P11_G11	AGGCTCCG	GTAAGGAG
P05_G05	GTAGCTCC	GTAAGGAG
P16_F02	TAGCGAGT	CTATTAAG
P11_G09	TAGCTGCA	GTAAGGAG
P21_D11	AGGCTCCG	TATCCTCT
P19_D01	AGGAGTCC	TATCCTCT
P17_H09	TAGCTGCA	TCGACTAG
P07_C07	GTAGAGAG	GCGTAAGA
P16_C03	GTCTTAGG	GCGTAAGA
P17_H11	AGGCTCCG	TCGACTAG
P17_H10	CAGCCTCG	TCGACTAG
P04_F11	AGGCTCCG	CTATTAAG
P14_G01	AGGAGTCC	GTAAGGAG
P14_G03	GTCTTAGG	GTAAGGAG
P21_C07	GTAGAGAG	GCGTAAGA
P18_A08	TACTACGC	CTCTCTAT
P21_C12	GACGTCGA	GCGTAAGA
P18_A05	GTAGCTCC	CTCTCTAT
P11_H11	AGGCTCCG	TCGACTAG
P11_H09	TAGCTGCA	TCGACTAG
P21_F05	GTAGCTCC	CTATTAAG
P12_B01	AGGAGTCC	CGTCTAAT
P15_C02	TAGCGAGT	GCGTAAGA
P12_B02	TAGCGAGT	CGTCTAAT
P07_F12	GACGTCGA	CTATTAAG
P21_H10	CAGCCTCG	TCGACTAG
P06_B06	ACTGATCG	CGTCTAAT
P09_C07	GTAGAGAG	GCGTAAGA
P09_D01	AGGAGTCC	TATCCTCT
P13_E08	TACTACGC	TCTCTCCG
P13_E11	AGGCTCCG	TCTCTCCG
P20_B12	GACGTCGA	CGTCTAAT
P06_F06	ACTGATCG	CTATTAAG
P20_C02	TAGCGAGT	GCGTAAGA
P14_G08	TACTACGC	GTAAGGAG
P03_F06	ACTGATCG	CTATTAAG
P07_A12	GACGTCGA	CTCTCTAT
P14_A04	CATGCCTA	CTCTCTAT
P14_H04	CATGCCTA	TCGACTAG
P21_F04	CATGCCTA	CTATTAAG
P15_H04	CATGCCTA	TCGACTAG
P02_G02	TAGCGAGT	GTAAGGAG
P02_H02	TAGCGAGT	TCGACTAG
P02_G07	GTAGAGAG	GTAAGGAG
P06_A02	TAGCGAGT	CTCTCTAT
P11_C06	ACTGATCG	GCGTAAGA
P14_E06	ACTGATCG	TCTCTCCG
P16_F04	CATGCCTA	CTATTAAG
P06_H07	GTAGAGAG	TCGACTAG
P06_H03	GTCTTAGG	TCGACTAG
P21_D12	GACGTCGA	TATCCTCT
P07_B12	GACGTCGA	CGTCTAAT
P21_D10	CAGCCTCG	TATCCTCT
P11_H10	CAGCCTCG	TCGACTAG
P12_D07	GTAGAGAG	TATCCTCT
P15_C08	TACTACGC	GCGTAAGA
P18_F01	AGGAGTCC	CTATTAAG
P11_F04	CATGCCTA	CTATTAAG
P11_F06	ACTGATCG	CTATTAAG
P13_E04	CATGCCTA	TCTCTCCG
P07_A03	GTCTTAGG	CTCTCTAT
P15_A06	ACTGATCG	CTCTCTAT
P18_D03	GTCTTAGG	TATCCTCT
P11_F08	TACTACGC	CTATTAAG
P13_D03	GTCTTAGG	TATCCTCT
P05_G09	TAGCTGCA	GTAAGGAG
P20_E07	GTAGAGAG	TCTCTCCG
P09_B09	TAGCTGCA	CGTCTAAT
P20_E08	TACTACGC	TCTCTCCG
P17_B08	TACTACGC	CGTCTAAT
P13_F05	GTAGCTCC	CTATTAAG
P04_E12	GACGTCGA	TCTCTCCG
P13_F02	TAGCGAGT	CTATTAAG
P04_F01	AGGAGTCC	CTATTAAG
P16_F06	ACTGATCG	CTATTAAG
P12_B09	TAGCTGCA	CGTCTAAT
P14_F02	TAGCGAGT	CTATTAAG
P18_A12	GACGTCGA	CTCTCTAT
P08_G07	GTAGAGAG	GTAAGGAG
P03_D10	CAGCCTCG	TATCCTCT
P02_D06	ACTGATCG	TATCCTCT
P09_C09	TAGCTGCA	GCGTAAGA
P06_G02	TAGCGAGT	GTAAGGAG
P08_H05	GTAGCTCC	TCGACTAG
P05_A10	CAGCCTCG	CTCTCTAT
P13_H11	AGGCTCCG	TCGACTAG
P16_H03	GTCTTAGG	TCGACTAG
P08_C02	TAGCGAGT	GCGTAAGA
P13_B03	GTCTTAGG	CGTCTAAT
P04_C01	AGGAGTCC	GCGTAAGA
P07_C03	GTCTTAGG	GCGTAAGA
P18_G08	TACTACGC	GTAAGGAG
P02_H07	GTAGAGAG	TCGACTAG
P07_C02	TAGCGAGT	GCGTAAGA
P08_C07	GTAGAGAG	GCGTAAGA
P14_G04	CATGCCTA	GTAAGGAG
P06_C09	TAGCTGCA	GCGTAAGA
P06_C12	GACGTCGA	GCGTAAGA
P16_A08	TACTACGC	CTCTCTAT
P14_C11	AGGCTCCG	GCGTAAGA
P05_H06	ACTGATCG	TCGACTAG
P18_D01	AGGAGTCC	TATCCTCT
P14_D01	AGGAGTCC	TATCCTCT
P21_G10	CAGCCTCG	GTAAGGAG
P17_G01	AGGAGTCC	GTAAGGAG
P09_C08	TACTACGC	GCGTAAGA
P17_D12	GACGTCGA	TATCCTCT
P21_E05	GTAGCTCC	TCTCTCCG
P21_D06	ACTGATCG	TATCCTCT
P13_F08	TACTACGC	CTATTAAG
P13_F11	AGGCTCCG	CTATTAAG
P21_B10	CAGCCTCG	CGTCTAAT
P13_G11	AGGCTCCG	GTAAGGAG
P21_F03	GTCTTAGG	CTATTAAG
P09_C03	GTCTTAGG	GCGTAAGA
P08_H06	ACTGATCG	TCGACTAG
P17_G07	GTAGAGAG	GTAAGGAG
P08_H08	TACTACGC	TCGACTAG
P18_B04	CATGCCTA	CGTCTAAT
P14_F08	TACTACGC	CTATTAAG
P11_E04	CATGCCTA	TCTCTCCG
P14_F12	GACGTCGA	CTATTAAG
P12_A05	GTAGCTCC	CTCTCTAT
P03_C05	GTAGCTCC	GCGTAAGA
P12_E03	GTCTTAGG	TCTCTCCG
P06_F05	GTAGCTCC	CTATTAAG
P19_D11	AGGCTCCG	TATCCTCT
P13_C03	GTCTTAGG	GCGTAAGA
P14_A10	CAGCCTCG	CTCTCTAT
P15_H02	TAGCGAGT	TCGACTAG
P03_H07	GTAGAGAG	TCGACTAG
P16_E08	TACTACGC	TCTCTCCG
P07_B06	ACTGATCG	CGTCTAAT
P12_C11	AGGCTCCG	GCGTAAGA
P17_E01	AGGAGTCC	TCTCTCCG
P20_F12	GACGTCGA	CTATTAAG
P17_E12	GACGTCGA	TCTCTCCG
P11_B10	CAGCCTCG	CGTCTAAT
P11_B11	AGGCTCCG	CGTCTAAT
P06_F02	TAGCGAGT	CTATTAAG
P20_H09	TAGCTGCA	TCGACTAG
P05_B02	TAGCGAGT	CGTCTAAT
P04_A04	CATGCCTA	CTCTCTAT
P03_H03	GTCTTAGG	TCGACTAG
P19_E12	GACGTCGA	TCTCTCCG
P07_B09	TAGCTGCA	CGTCTAAT
P19_H01	AGGAGTCC	TCGACTAG
P08_H04	CATGCCTA	TCGACTAG
P11_G07	GTAGAGAG	GTAAGGAG
P05_C03	GTCTTAGG	GCGTAAGA
P12_E04	CATGCCTA	TCTCTCCG
P18_E02	TAGCGAGT	TCTCTCCG
P16_F01	AGGAGTCC	CTATTAAG
P05_B12	GACGTCGA	CGTCTAAT
P18_A10	CAGCCTCG	CTCTCTAT
P07_H11	AGGCTCCG	TCGACTAG
P16_F08	TACTACGC	CTATTAAG
P13_D12	GACGTCGA	TATCCTCT
P07_H02	TAGCGAGT	TCGACTAG
P05_H12	GACGTCGA	TCGACTAG
P15_E11	AGGCTCCG	TCTCTCCG
P20_A06	ACTGATCG	CTCTCTAT
P06_A01	AGGAGTCC	CTCTCTAT
P16_F11	AGGCTCCG	CTATTAAG
P02_C11	AGGCTCCG	GCGTAAGA
P07_G01	AGGAGTCC	GTAAGGAG
P07_H01	AGGAGTCC	TCGACTAG
P13_E05	GTAGCTCC	TCTCTCCG
P02_H12	GACGTCGA	TCGACTAG
P20_E02	TAGCGAGT	TCTCTCCG
P17_G05	GTAGCTCC	GTAAGGAG
P06_G10	CAGCCTCG	GTAAGGAG
P09_F11	AGGCTCCG	CTATTAAG
P08_F04	CATGCCTA	CTATTAAG
P15_B07	GTAGAGAG	CGTCTAAT
P02_A10	CAGCCTCG	CTCTCTAT
P17_H06	ACTGATCG	TCGACTAG
P05_A12	GACGTCGA	CTCTCTAT
P17_H03	GTCTTAGG	TCGACTAG
P16_A02	TAGCGAGT	CTCTCTAT
P09_F09	TAGCTGCA	CTATTAAG
P19_G09	TAGCTGCA	GTAAGGAG
P15_B05	GTAGCTCC	CGTCTAAT
P08_A09	TAGCTGCA	CTCTCTAT
P21_E07	GTAGAGAG	TCTCTCCG
P06_G07	GTAGAGAG	GTAAGGAG
P20_F07	GTAGAGAG	CTATTAAG
P20_F06	ACTGATCG	CTATTAAG
P14_G07	GTAGAGAG	GTAAGGAG
P20_F04	CATGCCTA	CTATTAAG
P17_D08	TACTACGC	TATCCTCT
P14_G05	GTAGCTCC	GTAAGGAG
P13_F03	GTCTTAGG	CTATTAAG
P07_G07	GTAGAGAG	GTAAGGAG
P11_A05	GTAGCTCC	CTCTCTAT
P03_C12	GACGTCGA	GCGTAAGA
P05_H01	AGGAGTCC	TCGACTAG
P08_A12	GACGTCGA	CTCTCTAT
P04_H07	GTAGAGAG	TCGACTAG
P20_H04	CATGCCTA	TCGACTAG
P07_B11	AGGCTCCG	CGTCTAAT
P02_G12	GACGTCGA	GTAAGGAG
P18_G01	AGGAGTCC	GTAAGGAG
P16_C04	CATGCCTA	GCGTAAGA
P09_E04	CATGCCTA	TCTCTCCG
P17_G04	CATGCCTA	GTAAGGAG
P02_H03	GTCTTAGG	TCGACTAG
P18_C08	TACTACGC	GCGTAAGA
P06_H01	AGGAGTCC	TCGACTAG
P12_H07	GTAGAGAG	TCGACTAG
P02_F01	AGGAGTCC	CTATTAAG
P08_D03	GTCTTAGG	TATCCTCT
P17_F03	GTCTTAGG	CTATTAAG
P17_F04	CATGCCTA	CTATTAAG
P02_F02	TAGCGAGT	CTATTAAG
P06_H02	TAGCGAGT	TCGACTAG
P06_H08	TACTACGC	TCGACTAG
P17_F07	GTAGAGAG	CTATTAAG
P17_F08	TACTACGC	CTATTAAG
P17_G03	GTCTTAGG	GTAAGGAG
P08_B12	GACGTCGA	CGTCTAAT
P03_D05	GTAGCTCC	TATCCTCT
P14_G06	ACTGATCG	GTAAGGAG
P20_A11	AGGCTCCG	CTCTCTAT
P14_H08	TACTACGC	TCGACTAG
P20_B05	GTAGCTCC	CGTCTAAT
P15_E06	ACTGATCG	TCTCTCCG
P13_B06	ACTGATCG	CGTCTAAT
P15_E05	GTAGCTCC	TCTCTCCG
P15_F04	CATGCCTA	CTATTAAG
P11_E09	TAGCTGCA	TCTCTCCG
P18_D06	ACTGATCG	TATCCTCT
P20_G08	TACTACGC	GTAAGGAG
P06_H06	ACTGATCG	TCGACTAG
P03_F11	AGGCTCCG	CTATTAAG
P18_B06	ACTGATCG	CGTCTAAT
P04_F06	ACTGATCG	CTATTAAG
P06_E04	CATGCCTA	TCTCTCCG
P07_G06	ACTGATCG	GTAAGGAG
P18_C11	AGGCTCCG	GCGTAAGA
P14_B04	CATGCCTA	CGTCTAAT
P16_E02	TAGCGAGT	TCTCTCCG
P19_G11	AGGCTCCG	GTAAGGAG
P06_A10	CAGCCTCG	CTCTCTAT
P17_C07	GTAGAGAG	GCGTAAGA
P14_A01	AGGAGTCC	CTCTCTAT
P06_C06	ACTGATCG	GCGTAAGA
P09_H05	GTAGCTCC	TCGACTAG
P21_G02	TAGCGAGT	GTAAGGAG
P18_D08	TACTACGC	TATCCTCT
P05_D09	TAGCTGCA	TATCCTCT
P18_D05	GTAGCTCC	TATCCTCT
P13_H12	GACGTCGA	TCGACTAG
P05_D11	AGGCTCCG	TATCCTCT
P06_C05	GTAGCTCC	GCGTAAGA
P18_D11	AGGCTCCG	TATCCTCT
P19_H04	CATGCCTA	TCGACTAG
P11_B09	TAGCTGCA	CGTCTAAT
P16_A01	AGGAGTCC	CTCTCTAT
P11_C03	GTCTTAGG	GCGTAAGA
P07_A08	TACTACGC	CTCTCTAT
P13_E12	GACGTCGA	TCTCTCCG
P13_E10	CAGCCTCG	TCTCTCCG
P07_A09	TAGCTGCA	CTCTCTAT
P07_D09	TAGCTGCA	TATCCTCT
P04_H08	TACTACGC	TCGACTAG
P19_G03	GTCTTAGG	GTAAGGAG
P16_F03	GTCTTAGG	CTATTAAG
P11_A02	TAGCGAGT	CTCTCTAT
P06_B10	CAGCCTCG	CGTCTAAT
P20_D11	AGGCTCCG	TATCCTCT
P12_E01	AGGAGTCC	TCTCTCCG
P12_F05	GTAGCTCC	CTATTAAG
P03_F05	GTAGCTCC	CTATTAAG
P09_H07	GTAGAGAG	TCGACTAG
P16_D04	CATGCCTA	TATCCTCT
P09_H08	TACTACGC	TCGACTAG
P02_D02	TAGCGAGT	TATCCTCT
P18_E09	TAGCTGCA	TCTCTCCG
P20_F11	AGGCTCCG	CTATTAAG
P09_F10	CAGCCTCG	CTATTAAG
P19_B06	ACTGATCG	CGTCTAAT
P05_C12	GACGTCGA	GCGTAAGA
P13_A04	CATGCCTA	CTCTCTAT
P04_H12	GACGTCGA	TCGACTAG
P16_D06	ACTGATCG	TATCCTCT
P15_H08	TACTACGC	TCGACTAG
P03_G03	GTCTTAGG	GTAAGGAG
P09_A09	TAGCTGCA	CTCTCTAT
P05_A07	GTAGAGAG	CTCTCTAT
P07_B08	TACTACGC	CGTCTAAT
P18_A02	TAGCGAGT	CTCTCTAT
P15_F07	GTAGAGAG	CTATTAAG
P04_A10	CAGCCTCG	CTCTCTAT
P03_B05	GTAGCTCC	CGTCTAAT
P15_G06	ACTGATCG	GTAAGGAG
P05_G07	GTAGAGAG	GTAAGGAG
P09_G11	AGGCTCCG	GTAAGGAG
P21_B02	TAGCGAGT	CGTCTAAT
P05_H07	GTAGAGAG	TCGACTAG
P19_D09	TAGCTGCA	TATCCTCT
P12_B08	TACTACGC	CGTCTAAT
P05_C04	CATGCCTA	GCGTAAGA
P18_G03	GTCTTAGG	GTAAGGAG
P04_G02	TAGCGAGT	GTAAGGAG
P11_H05	GTAGCTCC	TCGACTAG
P11_D10	CAGCCTCG	TATCCTCT
P11_C08	TACTACGC	GCGTAAGA
P04_E04	CATGCCTA	TCTCTCCG
P17_C02	TAGCGAGT	GCGTAAGA
P17_F06	ACTGATCG	CTATTAAG
P17_D10	CAGCCTCG	TATCCTCT
P11_C12	GACGTCGA	GCGTAAGA
P11_F05	GTAGCTCC	CTATTAAG
P04_C10	CAGCCTCG	GCGTAAGA
P18_B01	AGGAGTCC	CGTCTAAT
P18_H03	GTCTTAGG	TCGACTAG
P04_G03	GTCTTAGG	GTAAGGAG
P20_B09	TAGCTGCA	CGTCTAAT
P05_F06	ACTGATCG	CTATTAAG
P06_D11	AGGCTCCG	TATCCTCT
P12_G02	TAGCGAGT	GTAAGGAG
P14_A05	GTAGCTCC	CTCTCTAT
P14_A02	TAGCGAGT	CTCTCTAT
P14_F10	CAGCCTCG	CTATTAAG
P06_H10	CAGCCTCG	TCGACTAG
P14_H09	TAGCTGCA	TCGACTAG
P21_H08	TACTACGC	TCGACTAG
P11_F02	TAGCGAGT	CTATTAAG
P11_E12	GACGTCGA	TCTCTCCG
P02_H11	AGGCTCCG	TCGACTAG
P12_D12	GACGTCGA	TATCCTCT
P14_B10	CAGCCTCG	CGTCTAAT
P12_F07	GTAGAGAG	CTATTAAG
P09_D05	GTAGCTCC	TATCCTCT
P14_B12	GACGTCGA	CGTCTAAT
P17_C09	TAGCTGCA	GCGTAAGA
P12_B04	CATGCCTA	CGTCTAAT
P18_H04	CATGCCTA	TCGACTAG
P14_D05	GTAGCTCC	TATCCTCT
P16_B01	AGGAGTCC	CGTCTAAT
P05_A11	AGGCTCCG	CTCTCTAT
P05_B03	GTCTTAGG	CGTCTAAT
P16_D07	GTAGAGAG	TATCCTCT
P05_C05	GTAGCTCC	GCGTAAGA
P07_A11	AGGCTCCG	CTCTCTAT
P11_A09	TAGCTGCA	CTCTCTAT
P03_D02	TAGCGAGT	TATCCTCT
P03_C11	AGGCTCCG	GCGTAAGA
P07_A01	AGGAGTCC	CTCTCTAT
P05_D03	GTCTTAGG	TATCCTCT
P13_F01	AGGAGTCC	CTATTAAG
P18_G02	TAGCGAGT	GTAAGGAG
P04_B10	CAGCCTCG	CGTCTAAT
P15_H11	AGGCTCCG	TCGACTAG
P08_C10	CAGCCTCG	GCGTAAGA
P11_B08	TACTACGC	CGTCTAAT
P20_B10	CAGCCTCG	CGTCTAAT
P16_F05	GTAGCTCC	CTATTAAG
P15_C05	GTAGCTCC	GCGTAAGA
P06_C02	TAGCGAGT	GCGTAAGA
P03_A02	TAGCGAGT	CTCTCTAT
P06_F03	GTCTTAGG	CTATTAAG
P16_B04	CATGCCTA	CGTCTAAT
P15_C11	AGGCTCCG	GCGTAAGA
P21_E02	TAGCGAGT	TCTCTCCG
P11_E01	AGGAGTCC	TCTCTCCG
P12_B07	GTAGAGAG	CGTCTAAT
P20_G10	CAGCCTCG	GTAAGGAG
P21_E01	AGGAGTCC	TCTCTCCG
P02_F12	GACGTCGA	CTATTAAG
P20_D09	TAGCTGCA	TATCCTCT
P11_C05	GTAGCTCC	GCGTAAGA
P11_A07	GTAGAGAG	CTCTCTAT
P13_B07	GTAGAGAG	CGTCTAAT
P20_E10	CAGCCTCG	TCTCTCCG
P04_F10	CAGCCTCG	CTATTAAG
P09_F08	TACTACGC	CTATTAAG
P08_F08	TACTACGC	CTATTAAG
P05_C08	TACTACGC	GCGTAAGA
P16_E04	CATGCCTA	TCTCTCCG
P17_A08	TACTACGC	CTCTCTAT
P05_C10	CAGCCTCG	GCGTAAGA
P14_F03	GTCTTAGG	CTATTAAG
P16_E12	GACGTCGA	TCTCTCCG
P09_A12	GACGTCGA	CTCTCTAT
P03_E11	AGGCTCCG	TCTCTCCG
P03_D09	TAGCTGCA	TATCCTCT
P09_C04	CATGCCTA	GCGTAAGA
P07_A04	CATGCCTA	CTCTCTAT
P05_D10	CAGCCTCG	TATCCTCT
P05_D04	CATGCCTA	TATCCTCT
P11_B01	AGGAGTCC	CGTCTAAT
P13_G06	ACTGATCG	GTAAGGAG
P19_A11	AGGCTCCG	CTCTCTAT
P13_G03	GTCTTAGG	GTAAGGAG
P18_E12	GACGTCGA	TCTCTCCG
P19_G10	CAGCCTCG	GTAAGGAG
P20_A08	TACTACGC	CTCTCTAT
P13_G09	TAGCTGCA	GTAAGGAG
P20_H05	GTAGCTCC	TCGACTAG
P06_B08	TACTACGC	CGTCTAAT
P16_G06	ACTGATCG	GTAAGGAG
P19_H02	TAGCGAGT	TCGACTAG
P04_F12	GACGTCGA	CTATTAAG
P15_B02	TAGCGAGT	CGTCTAAT
P04_F05	GTAGCTCC	CTATTAAG
P15_A05	GTAGCTCC	CTCTCTAT
P06_G01	AGGAGTCC	GTAAGGAG
P14_D11	AGGCTCCG	TATCCTCT
P15_B03	GTCTTAGG	CGTCTAAT
P04_B04	CATGCCTA	CGTCTAAT
P15_B12	GACGTCGA	CGTCTAAT
P04_C08	TACTACGC	GCGTAAGA
P05_A02	TAGCGAGT	CTCTCTAT
P05_E01	AGGAGTCC	TCTCTCCG
P16_C01	AGGAGTCC	GCGTAAGA
P18_G05	GTAGCTCC	GTAAGGAG
P12_A03	GTCTTAGG	CTCTCTAT
P06_A04	CATGCCTA	CTCTCTAT
P21_D02	TAGCGAGT	TATCCTCT
P11_H08	TACTACGC	TCGACTAG
P20_G06	ACTGATCG	GTAAGGAG
P12_H11	AGGCTCCG	TCGACTAG
P09_E10	CAGCCTCG	TCTCTCCG
P20_B08	TACTACGC	CGTCTAAT
P03_F10	CAGCCTCG	CTATTAAG
P13_B10	CAGCCTCG	CGTCTAAT
P19_A08	TACTACGC	CTCTCTAT
P13_A07	GTAGAGAG	CTCTCTAT
P20_C09	TAGCTGCA	GCGTAAGA
P08_F07	GTAGAGAG	CTATTAAG
P12_A10	CAGCCTCG	CTCTCTAT
P07_A06	ACTGATCG	CTCTCTAT
P13_B09	TAGCTGCA	CGTCTAAT
P08_E07	GTAGAGAG	TCTCTCCG
P07_B10	CAGCCTCG	CGTCTAAT
P20_C11	AGGCTCCG	GCGTAAGA
P04_A07	GTAGAGAG	CTCTCTAT
P02_A11	AGGCTCCG	CTCTCTAT
P20_F01	AGGAGTCC	CTATTAAG
P05_G01	AGGAGTCC	GTAAGGAG
P02_B11	AGGCTCCG	CGTCTAAT
P09_A07	GTAGAGAG	CTCTCTAT
P18_F04	CATGCCTA	CTATTAAG
P02_D08	TACTACGC	TATCCTCT
P11_A12	GACGTCGA	CTCTCTAT
P18_E07	GTAGAGAG	TCTCTCCG
P21_A01	AGGAGTCC	CTCTCTAT
P15_H01	AGGAGTCC	TCGACTAG
P06_G06	ACTGATCG	GTAAGGAG
P04_E02	TAGCGAGT	TCTCTCCG
P21_A05	GTAGCTCC	CTCTCTAT
P13_C04	CATGCCTA	GCGTAAGA
P07_E09	TAGCTGCA	TCTCTCCG
P05_C11	AGGCTCCG	GCGTAAGA
P12_C12	GACGTCGA	GCGTAAGA
P12_D04	CATGCCTA	TATCCTCT
P12_D06	ACTGATCG	TATCCTCT
P07_F02	TAGCGAGT	CTATTAAG
P19_E04	CATGCCTA	TCTCTCCG
P12_F12	GACGTCGA	CTATTAAG
P06_F07	GTAGAGAG	CTATTAAG
P14_D09	TAGCTGCA	TATCCTCT
P13_D09	TAGCTGCA	TATCCTCT
P15_H05	GTAGCTCC	TCGACTAG
P14_F06	ACTGATCG	CTATTAAG
P21_A08	TACTACGC	CTCTCTAT
P21_G11	AGGCTCCG	GTAAGGAG
P11_F12	GACGTCGA	CTATTAAG
P20_H11	AGGCTCCG	TCGACTAG
P03_B08	TACTACGC	CGTCTAAT
P20_G09	TAGCTGCA	GTAAGGAG
P08_A11	AGGCTCCG	CTCTCTAT
P18_A03	GTCTTAGG	CTCTCTAT
P07_D08	TACTACGC	TATCCTCT
P03_E10	CAGCCTCG	TCTCTCCG
P02_C08	TACTACGC	GCGTAAGA
P03_D01	AGGAGTCC	TATCCTCT
P03_H01	AGGAGTCC	TCGACTAG
P18_A11	AGGCTCCG	CTCTCTAT
P04_H05	GTAGCTCC	TCGACTAG
P05_A05	GTAGCTCC	CTCTCTAT
P03_G10	CAGCCTCG	GTAAGGAG
P21_B09	TAGCTGCA	CGTCTAAT
P21_D09	TAGCTGCA	TATCCTCT
P16_F07	GTAGAGAG	CTATTAAG
P11_F11	AGGCTCCG	CTATTAAG
P15_B08	TACTACGC	CGTCTAAT
P19_D02	TAGCGAGT	TATCCTCT
P17_C06	ACTGATCG	GCGTAAGA
P15_C10	CAGCCTCG	GCGTAAGA
P15_C07	GTAGAGAG	GCGTAAGA
P07_E10	CAGCCTCG	TCTCTCCG
P16_D11	AGGCTCCG	TATCCTCT
P17_C03	GTCTTAGG	GCGTAAGA
P15_D01	AGGAGTCC	TATCCTCT
P02_D11	AGGCTCCG	TATCCTCT
P09_C02	TAGCGAGT	GCGTAAGA
P16_B07	GTAGAGAG	CGTCTAAT
P07_C06	ACTGATCG	GCGTAAGA
P14_B01	AGGAGTCC	CGTCTAAT
P20_E12	GACGTCGA	TCTCTCCG
P13_H07	GTAGAGAG	TCGACTAG
P12_H09	TAGCTGCA	TCGACTAG
P15_G07	GTAGAGAG	GTAAGGAG
P12_A11	AGGCTCCG	CTCTCTAT
P20_G02	TAGCGAGT	GTAAGGAG
P12_C01	AGGAGTCC	GCGTAAGA
P12_A06	ACTGATCG	CTCTCTAT
P18_F10	CAGCCTCG	CTATTAAG
P16_E03	GTCTTAGG	TCTCTCCG
P14_D12	GACGTCGA	TATCCTCT
P18_H05	GTAGCTCC	TCGACTAG
P13_E06	ACTGATCG	TCTCTCCG
P02_D03	GTCTTAGG	TATCCTCT
P05_B11	AGGCTCCG	CGTCTAAT
P20_B11	AGGCTCCG	CGTCTAAT
P11_G03	GTCTTAGG	GTAAGGAG
P07_C11	AGGCTCCG	GCGTAAGA
P15_D05	GTAGCTCC	TATCCTCT
P21_B03	GTCTTAGG	CGTCTAAT
P05_H08	TACTACGC	TCGACTAG
P21_C01	AGGAGTCC	GCGTAAGA
P02_E04	CATGCCTA	TCTCTCCG
P09_E12	GACGTCGA	TCTCTCCG
P07_C04	CATGCCTA	GCGTAAGA
P13_C02	TAGCGAGT	GCGTAAGA
P18_F02	TAGCGAGT	CTATTAAG
P13_B08	TACTACGC	CGTCTAAT
P16_G11	AGGCTCCG	GTAAGGAG
P17_A03	GTCTTAGG	CTCTCTAT
P06_F09	TAGCTGCA	CTATTAAG
P05_B09	TAGCTGCA	CGTCTAAT
P02_E08	TACTACGC	TCTCTCCG
P05_E05	GTAGCTCC	TCTCTCCG
P21_F12	GACGTCGA	CTATTAAG
P06_A11	AGGCTCCG	CTCTCTAT
P02_E12	GACGTCGA	TCTCTCCG
P02_F07	GTAGAGAG	CTATTAAG
P12_A12	GACGTCGA	CTCTCTAT
P04_B08	TACTACGC	CGTCTAAT
P02_F03	GTCTTAGG	CTATTAAG
P16_C11	AGGCTCCG	GCGTAAGA
P04_H02	TAGCGAGT	TCGACTAG
P16_G03	GTCTTAGG	GTAAGGAG
P08_H11	AGGCTCCG	TCGACTAG
P11_C11	AGGCTCCG	GCGTAAGA
P09_F02	TAGCGAGT	CTATTAAG
P04_E09	TAGCTGCA	TCTCTCCG
P08_G06	ACTGATCG	GTAAGGAG
P06_E12	GACGTCGA	TCTCTCCG
P08_H12	GACGTCGA	TCGACTAG
P20_G03	GTCTTAGG	GTAAGGAG
P14_B07	GTAGAGAG	CGTCTAAT
P14_E01	AGGAGTCC	TCTCTCCG
P16_B09	TAGCTGCA	CGTCTAAT
P03_C02	TAGCGAGT	GCGTAAGA
P03_C10	CAGCCTCG	GCGTAAGA
P18_D02	TAGCGAGT	TATCCTCT
P16_D12	GACGTCGA	TATCCTCT
P16_D10	CAGCCTCG	TATCCTCT
P03_F12	GACGTCGA	CTATTAAG
P06_G05	GTAGCTCC	GTAAGGAG
P06_G08	TACTACGC	GTAAGGAG
P09_F04	CATGCCTA	CTATTAAG
P11_B04	CATGCCTA	CGTCTAAT
P07_G03	GTCTTAGG	GTAAGGAG
P17_B12	GACGTCGA	CGTCTAAT
P21_G06	ACTGATCG	GTAAGGAG
P21_B04	CATGCCTA	CGTCTAAT
P08_G01	AGGAGTCC	GTAAGGAG
P03_H04	CATGCCTA	TCGACTAG
P04_C12	GACGTCGA	GCGTAAGA
P06_H04	CATGCCTA	TCGACTAG
P13_E01	AGGAGTCC	TCTCTCCG
P03_H10	CAGCCTCG	TCGACTAG
P08_D06	ACTGATCG	TATCCTCT
P04_A01	AGGAGTCC	CTCTCTAT
P03_H05	GTAGCTCC	TCGACTAG
P17_D05	GTAGCTCC	TATCCTCT
P12_C07	GTAGAGAG	GCGTAAGA
P16_D05	GTAGCTCC	TATCCTCT
P04_D11	AGGCTCCG	TATCCTCT
P16_C12	GACGTCGA	GCGTAAGA
P04_G09	TAGCTGCA	GTAAGGAG
P04_E01	AGGAGTCC	TCTCTCCG
P05_E08	TACTACGC	TCTCTCCG
P21_G07	GTAGAGAG	GTAAGGAG
P21_H12	GACGTCGA	TCGACTAG
P06_A03	GTCTTAGG	CTCTCTAT
P06_D01	AGGAGTCC	TATCCTCT
P21_A09	TAGCTGCA	CTCTCTAT
P19_A09	TAGCTGCA	CTCTCTAT
P06_F08	TACTACGC	CTATTAAG
P19_B09	TAGCTGCA	CGTCTAAT
P06_B07	GTAGAGAG	CGTCTAAT
P08_D11	AGGCTCCG	TATCCTCT
P08_B09	TAGCTGCA	CGTCTAAT
P09_D10	CAGCCTCG	TATCCTCT
P11_G05	GTAGCTCC	GTAAGGAG
P08_D08	TACTACGC	TATCCTCT
P07_D06	ACTGATCG	TATCCTCT
P09_C01	AGGAGTCC	GCGTAAGA
P18_D04	CATGCCTA	TATCCTCT
P12_D11	AGGCTCCG	TATCCTCT
P16_F10	CAGCCTCG	CTATTAAG
P21_H07	GTAGAGAG	TCGACTAG
P19_D03	GTCTTAGG	TATCCTCT
